arquivo,classe,area_px,area_relativa,aspect_ratio,solidez,circularidade,perimetro,perimetro_norm
0_IMG_20260419_160956110_HDR.jpg,milho,238547,0.019879,0.5927,0.0567,0.0577,7206,14.7539
90_IMG_20260419_160956110_HDR.jpg,milho,238547,0.019879,1.6871,0.0567,0.0577,7206,14.7539
180_IMG_20260419_160956110_HDR.jpg,milho,238547,0.019879,0.5927,0.0567,0.0577,7206,14.7539
270_IMG_20260419_160956110_HDR.jpg,milho,238547,0.019879,1.6871,0.0567,0.0577,7206,14.7539
0_IMG_20260419_160718620_HDR.jpg,milho,280143,0.023345,1.9453,0.0532,0.0201,13238,25.0111
90_IMG_20260419_160718620_HDR.jpg,milho,280143,0.023345,0.5141,0.0532,0.0201,13238,25.0111
180_IMG_20260419_160718620_HDR.jpg,milho,280143,0.023345,1.9453,0.0532,0.0201,13238,25.0111
270_IMG_20260419_160718620_HDR.jpg,milho,280143,0.023345,0.5141,0.0532,0.0201,13238,25.0111
0_coleta_20260420_162043_milho_20260420_155903.jpg,milho,341272,0.028439,1.3473,0.0331,0.0106,20107,34.4189
90_coleta_20260420_162043_milho_20260420_155903.jpg,milho,341272,0.028439,0.7422,0.0331,0.0106,20107,34.4189
180_coleta_20260420_162043_milho_20260420_155903.jpg,milho,341272,0.028439,1.3473,0.0331,0.0106,20107,34.4189
270_coleta_20260420_162043_milho_20260420_155903.jpg,milho,341272,0.028439,0.7422,0.0331,0.0106,20107,34.4189
0_coleta_20260420_162007_milho_20260420_160008.jpg,milho,399121,0.03326,1.3246,0.0689,0.0311,12690,20.0867
90_coleta_20260420_162007_milho_20260420_160008.jpg,milho,399121,0.03326,0.755,0.0689,0.0311,12690,20.0867
180_coleta_20260420_162007_milho_20260420_160008.jpg,milho,399121,0.03326,1.3246,0.0689,0.0311,12690,20.0867
270_coleta_20260420_162007_milho_20260420_160008.jpg,milho,399121,0.03326,0.755,0.0689,0.0311,12690,20.0867
0_coleta_20260420_162028_milho_20260420_155923.jpg,milho,677537,0.056461,1.3589,0.0588,0.0144,24284,29.5022
90_coleta_20260420_162028_milho_20260420_155923.jpg,milho,677537,0.056461,0.7359,0.0588,0.0144,24284,29.5022
180_coleta_20260420_162028_milho_20260420_155923.jpg,milho,677537,0.056461,1.3589,0.0588,0.0144,24284,29.5022
270_coleta_20260420_162028_milho_20260420_155923.jpg,milho,677537,0.056461,0.7359,0.0588,0.0144,24284,29.5022
0_coleta_20260420_161827_milho_20260420_160259.jpg,milho,196021,0.016335,1.522,0.0191,0.0314,8862,20.0161
90_coleta_20260420_161827_milho_20260420_160259.jpg,milho,196021,0.016335,0.657,0.0191,0.0314,8862,20.0161
180_coleta_20260420_161827_milho_20260420_160259.jpg,milho,196021,0.016335,1.522,0.0191,0.0314,8862,20.0161
270_coleta_20260420_161827_milho_20260420_160259.jpg,milho,196021,0.016335,0.657,0.0191,0.0314,8862,20.0161
0_IMG_20260419_160959080_HDR.jpg,milho,575228,0.047936,1.2712,0.066,0.028,16079,21.2002
90_IMG_20260419_160959080_HDR.jpg,milho,575228,0.047936,0.7867,0.066,0.028,16079,21.2002
180_IMG_20260419_160959080_HDR.jpg,milho,575228,0.047936,1.2712,0.066,0.028,16079,21.2002
270_IMG_20260419_160959080_HDR.jpg,milho,575228,0.047936,0.7867,0.066,0.028,16079,21.2002
0_IMG_20260419_160917467_HDR.jpg,milho,311564,0.025964,1.5199,0.1034,0.0555,8397,15.0436
90_IMG_20260419_160917467_HDR.jpg,milho,311564,0.025964,0.6579,0.1034,0.0555,8397,15.0436
180_IMG_20260419_160917467_HDR.jpg,milho,311564,0.025964,1.5199,0.1034,0.0555,8397,15.0436
270_IMG_20260419_160917467_HDR.jpg,milho,311564,0.025964,0.6579,0.1034,0.0555,8397,15.0436
0_IMG_20260419_160827024_HDR.jpg,milho,549405,0.045784,2.168,0.0744,0.0143,21957,29.6228
90_IMG_20260419_160827024_HDR.jpg,milho,549405,0.045784,0.4612,0.0744,0.0143,21957,29.6228
180_IMG_20260419_160827024_HDR.jpg,milho,549405,0.045784,2.168,0.0744,0.0143,21957,29.6228
270_IMG_20260419_160827024_HDR.jpg,milho,549405,0.045784,0.4612,0.0744,0.0143,21957,29.6228
0_coleta_20260420_161818_milho_20260420_160314.jpg,milho,495402,0.041284,0.91,0.0605,0.0182,18491,26.2713
90_coleta_20260420_161818_milho_20260420_160314.jpg,milho,495402,0.041284,1.0989,0.0605,0.0182,18491,26.2713
180_coleta_20260420_161818_milho_20260420_160314.jpg,milho,495402,0.041284,0.91,0.0605,0.0182,18491,26.2713
270_coleta_20260420_161818_milho_20260420_160314.jpg,milho,495402,0.041284,1.0989,0.0605,0.0182,18491,26.2713
0_IMG_20260419_160741189_HDR.jpg,milho,688373,0.057364,1.9427,0.1035,0.0357,15567,18.7626
90_IMG_20260419_160741189_HDR.jpg,milho,688373,0.057364,0.5147,0.1035,0.0357,15567,18.7626
180_IMG_20260419_160741189_HDR.jpg,milho,688373,0.057364,1.9427,0.1035,0.0357,15567,18.7626
270_IMG_20260419_160741189_HDR.jpg,milho,688373,0.057364,0.5147,0.1035,0.0357,15567,18.7626
0_IMG_20260419_160751689_HDR.jpg,milho,202653,0.016888,1.5801,0.0201,0.0198,11353,25.2194
90_IMG_20260419_160751689_HDR.jpg,milho,202653,0.016888,0.6329,0.0201,0.0198,11353,25.2194
180_IMG_20260419_160751689_HDR.jpg,milho,202653,0.016888,1.5801,0.0201,0.0198,11353,25.2194
270_IMG_20260419_160751689_HDR.jpg,milho,202653,0.016888,0.6329,0.0201,0.0198,11353,25.2194
0_coleta_20260420_161751_milho_20260420_160336.jpg,milho,389090,0.032424,1.1602,0.0563,0.0183,16338,26.1923
90_coleta_20260420_161751_milho_20260420_160336.jpg,milho,389090,0.032424,0.8619,0.0563,0.0183,16338,26.1923
180_coleta_20260420_161751_milho_20260420_160336.jpg,milho,389090,0.032424,1.1602,0.0563,0.0183,16338,26.1923
270_coleta_20260420_161751_milho_20260420_160336.jpg,milho,389090,0.032424,0.8619,0.0563,0.0183,16338,26.1923
0_coleta_20260420_161856_milho_20260420_160231.jpg,milho,322131,0.026844,1.8138,0.0542,0.0259,12500,22.0239
90_coleta_20260420_161856_milho_20260420_160231.jpg,milho,322131,0.026844,0.5513,0.0542,0.0259,12500,22.0239
180_coleta_20260420_161856_milho_20260420_160231.jpg,milho,322131,0.026844,1.8138,0.0542,0.0259,12500,22.0239
270_coleta_20260420_161856_milho_20260420_160231.jpg,milho,322131,0.026844,0.5513,0.0542,0.0259,12500,22.0239
0_IMG_20260419_161059574_HDR.jpg,milho,271415,0.022618,1.308,0.0462,0.0246,11780,22.6114
90_IMG_20260419_161059574_HDR.jpg,milho,271415,0.022618,0.7645,0.0462,0.0246,11780,22.6114
180_IMG_20260419_161059574_HDR.jpg,milho,271415,0.022618,1.308,0.0462,0.0246,11780,22.6114
270_IMG_20260419_161059574_HDR.jpg,milho,271415,0.022618,0.7645,0.0462,0.0246,11780,22.6114
0_IMG_20260419_160831185_HDR.jpg,milho,155638,0.01297,2.0101,0.0196,0.019,10134,25.6876
90_IMG_20260419_160831185_HDR.jpg,milho,155638,0.01297,0.4975,0.0196,0.019,10134,25.6876
180_IMG_20260419_160831185_HDR.jpg,milho,155638,0.01297,2.0101,0.0196,0.019,10134,25.6876
270_IMG_20260419_160831185_HDR.jpg,milho,155638,0.01297,0.4975,0.0196,0.019,10134,25.6876
0_coleta_20260420_161905_milho_20260420_160216.jpg,milho,275629,0.022969,1.0627,0.0288,0.014,15741,29.9826
90_coleta_20260420_161905_milho_20260420_160216.jpg,milho,275629,0.022969,0.941,0.0288,0.014,15741,29.9826
180_coleta_20260420_161905_milho_20260420_160216.jpg,milho,275629,0.022969,1.0627,0.0288,0.014,15741,29.9826
270_coleta_20260420_161905_milho_20260420_160216.jpg,milho,275629,0.022969,0.941,0.0288,0.014,15741,29.9826
0_coleta_20260420_162011_milho_20260420_155956.jpg,milho,307047,0.025587,1.3196,0.0397,0.012,17935,32.3667
90_coleta_20260420_162011_milho_20260420_155956.jpg,milho,307047,0.025587,0.7578,0.0397,0.012,17935,32.3667
180_coleta_20260420_162011_milho_20260420_155956.jpg,milho,307047,0.025587,1.3196,0.0397,0.012,17935,32.3667
270_coleta_20260420_162011_milho_20260420_155956.jpg,milho,307047,0.025587,0.7578,0.0397,0.012,17935,32.3667
0_coleta_20260420_161745_milho_20260420_160339.jpg,milho,312442,0.026037,1.0213,0.035,0.0154,15972,28.5742
90_coleta_20260420_161745_milho_20260420_160339.jpg,milho,312442,0.026037,0.9791,0.035,0.0154,15972,28.5742
180_coleta_20260420_161745_milho_20260420_160339.jpg,milho,312442,0.026037,1.0213,0.035,0.0154,15972,28.5742
270_coleta_20260420_161745_milho_20260420_160339.jpg,milho,312442,0.026037,0.9791,0.035,0.0154,15972,28.5742
0_coleta_20260420_161841_milho_20260420_160250.jpg,milho,101738,0.008478,1.5853,0.0471,0.0732,4180,13.1049
90_coleta_20260420_161841_milho_20260420_160250.jpg,milho,101738,0.008478,0.6308,0.0471,0.0732,4180,13.1049
180_coleta_20260420_161841_milho_20260420_160250.jpg,milho,101738,0.008478,1.5853,0.0471,0.0732,4180,13.1049
270_coleta_20260420_161841_milho_20260420_160250.jpg,milho,101738,0.008478,0.6308,0.0471,0.0732,4180,13.1049
0_coleta_20260420_161801_milho_20260420_160329.jpg,milho,148857,0.012405,1.1266,0.0171,0.0302,7870,20.3981
90_coleta_20260420_161801_milho_20260420_160329.jpg,milho,148857,0.012405,0.8876,0.0171,0.0302,7870,20.3981
180_coleta_20260420_161801_milho_20260420_160329.jpg,milho,148857,0.012405,1.1266,0.0171,0.0302,7870,20.3981
270_coleta_20260420_161801_milho_20260420_160329.jpg,milho,148857,0.012405,0.8876,0.0171,0.0302,7870,20.3981
0_coleta_20260420_161929_milho_20260420_160145.jpg,milho,255968,0.021331,1.294,0.0256,0.0165,13948,27.5689
90_coleta_20260420_161929_milho_20260420_160145.jpg,milho,255968,0.021331,0.7728,0.0256,0.0165,13948,27.5689
180_coleta_20260420_161929_milho_20260420_160145.jpg,milho,255968,0.021331,1.294,0.0256,0.0165,13948,27.5689
270_coleta_20260420_161929_milho_20260420_160145.jpg,milho,255968,0.021331,0.7728,0.0256,0.0165,13948,27.5689
0_coleta_20260420_161853_milho_20260420_160236.jpg,milho,266273,0.022189,1.4118,0.0552,0.0222,12264,23.7667
90_coleta_20260420_161853_milho_20260420_160236.jpg,milho,266273,0.022189,0.7083,0.0552,0.0222,12264,23.7667
180_coleta_20260420_161853_milho_20260420_160236.jpg,milho,266273,0.022189,1.4118,0.0552,0.0222,12264,23.7667
270_coleta_20260420_161853_milho_20260420_160236.jpg,milho,266273,0.022189,0.7083,0.0552,0.0222,12264,23.7667
0_coleta_20260420_162003_milho_20260420_160011.jpg,milho,698474,0.058206,1.0903,0.0712,0.0213,20306,24.2968
90_coleta_20260420_162003_milho_20260420_160011.jpg,milho,698474,0.058206,0.9172,0.0712,0.0213,20306,24.2968
180_coleta_20260420_162003_milho_20260420_160011.jpg,milho,698474,0.058206,1.0903,0.0712,0.0213,20306,24.2968
270_coleta_20260420_162003_milho_20260420_160011.jpg,milho,698474,0.058206,0.9172,0.0712,0.0213,20306,24.2968
0_coleta_20260420_161907_milho_20260420_160213.jpg,milho,246962,0.02058,1.0375,0.0267,0.0284,10455,21.0382
90_coleta_20260420_161907_milho_20260420_160213.jpg,milho,246962,0.02058,0.9638,0.0267,0.0284,10455,21.0382
180_coleta_20260420_161907_milho_20260420_160213.jpg,milho,246962,0.02058,1.0375,0.0267,0.0284,10455,21.0382
270_coleta_20260420_161907_milho_20260420_160213.jpg,milho,246962,0.02058,0.9638,0.0267,0.0284,10455,21.0382
0_coleta_20260420_161804_milho_20260420_160325.jpg,milho,340286,0.028357,1.6525,0.053,0.0221,13914,23.8523
90_coleta_20260420_161804_milho_20260420_160325.jpg,milho,340286,0.028357,0.6052,0.053,0.0221,13914,23.8523
180_coleta_20260420_161804_milho_20260420_160325.jpg,milho,340286,0.028357,1.6525,0.053,0.0221,13914,23.8523
270_coleta_20260420_161804_milho_20260420_160325.jpg,milho,340286,0.028357,0.6052,0.053,0.0221,13914,23.8523
0_coleta_20260420_161900_milho_20260420_160229.jpg,milho,351432,0.029286,0.6942,0.1023,0.0289,12364,20.8564
90_coleta_20260420_161900_milho_20260420_160229.jpg,milho,351432,0.029286,1.4404,0.1023,0.0289,12364,20.8564
180_coleta_20260420_161900_milho_20260420_160229.jpg,milho,351432,0.029286,0.6942,0.1023,0.0289,12364,20.8564
270_coleta_20260420_161900_milho_20260420_160229.jpg,milho,351432,0.029286,1.4404,0.1023,0.0289,12364,20.8564
0_IMG_20260419_160947858_HDR.jpg,milho,302122,0.025177,1.6847,0.0485,0.0398,9768,17.7711
90_IMG_20260419_160947858_HDR.jpg,milho,302122,0.025177,0.5936,0.0485,0.0398,9768,17.7711
180_IMG_20260419_160947858_HDR.jpg,milho,302122,0.025177,1.6847,0.0485,0.0398,9768,17.7711
270_IMG_20260419_160947858_HDR.jpg,milho,302122,0.025177,0.5936,0.0485,0.0398,9768,17.7711
0_coleta_20260420_161923_milho_20260420_160153.jpg,milho,350684,0.029224,1.7234,0.0378,0.0249,13291,22.444
90_coleta_20260420_161923_milho_20260420_160153.jpg,milho,350684,0.029224,0.5802,0.0378,0.0249,13291,22.444
180_coleta_20260420_161923_milho_20260420_160153.jpg,milho,350684,0.029224,1.7234,0.0378,0.0249,13291,22.444
270_coleta_20260420_161923_milho_20260420_160153.jpg,milho,350684,0.029224,0.5802,0.0378,0.0249,13291,22.444
0_coleta_20260420_161834_milho_20260420_160254.jpg,milho,175649,0.014637,2.2535,0.0583,0.0709,5578,13.3093
90_coleta_20260420_161834_milho_20260420_160254.jpg,milho,175649,0.014637,0.4438,0.0583,0.0709,5578,13.3093
180_coleta_20260420_161834_milho_20260420_160254.jpg,milho,175649,0.014637,2.2535,0.0583,0.0709,5578,13.3093
270_coleta_20260420_161834_milho_20260420_160254.jpg,milho,175649,0.014637,0.4438,0.0583,0.0709,5578,13.3093
0_IMG_20260419_160754502_HDR.jpg,milho,558341,0.046528,1.3855,0.0722,0.0241,17068,22.8419
90_IMG_20260419_160754502_HDR.jpg,milho,558341,0.046528,0.7217,0.0722,0.0241,17068,22.8419
180_IMG_20260419_160754502_HDR.jpg,milho,558341,0.046528,1.3855,0.0722,0.0241,17068,22.8419
270_IMG_20260419_160754502_HDR.jpg,milho,558341,0.046528,0.7217,0.0722,0.0241,17068,22.8419
0_coleta_20260420_162031_milho_20260420_155914.jpg,milho,414744,0.034562,1.35,0.035,0.0051,32074,49.8039
90_coleta_20260420_162031_milho_20260420_155914.jpg,milho,414744,0.034562,0.7408,0.035,0.0051,32074,49.8039
180_coleta_20260420_162031_milho_20260420_155914.jpg,milho,414744,0.034562,1.35,0.035,0.0051,32074,49.8039
270_coleta_20260420_162031_milho_20260420_155914.jpg,milho,414744,0.034562,0.7408,0.035,0.0051,32074,49.8039
0_coleta_20260420_161926_milho_20260420_160148.jpg,milho,241479,0.020123,1.3798,0.0229,0.0198,12391,25.2154
90_coleta_20260420_161926_milho_20260420_160148.jpg,milho,241479,0.020123,0.7247,0.0229,0.0198,12391,25.2154
180_coleta_20260420_161926_milho_20260420_160148.jpg,milho,241479,0.020123,1.3798,0.0229,0.0198,12391,25.2154
270_coleta_20260420_161926_milho_20260420_160148.jpg,milho,241479,0.020123,0.7247,0.0229,0.0198,12391,25.2154
0_coleta_20260420_161952_milho_20260420_160044.jpg,milho,1076897,0.089741,1.32,0.0906,0.0044,55538,53.5184
90_coleta_20260420_161952_milho_20260420_160044.jpg,milho,1076897,0.089741,0.7576,0.0906,0.0044,55538,53.5184
180_coleta_20260420_161952_milho_20260420_160044.jpg,milho,1076897,0.089741,1.32,0.0906,0.0044,55538,53.5184
270_coleta_20260420_161952_milho_20260420_160044.jpg,milho,1076897,0.089741,0.7576,0.0906,0.0044,55538,53.5184
0_IMG_20260419_161036752_HDR.jpg,milho,588176,0.049015,1.3918,0.0512,0.0344,14654,19.1074
90_IMG_20260419_161036752_HDR.jpg,milho,588176,0.049015,0.7185,0.0512,0.0344,14654,19.1074
180_IMG_20260419_161036752_HDR.jpg,milho,588176,0.049015,1.3918,0.0512,0.0344,14654,19.1074
270_IMG_20260419_161036752_HDR.jpg,milho,588176,0.049015,0.7185,0.0512,0.0344,14654,19.1074
0_coleta_20260420_162016_milho_20260420_155946.jpg,milho,819901,0.068325,1.5522,0.093,0.0051,45055,49.7579
90_coleta_20260420_162016_milho_20260420_155946.jpg,milho,819901,0.068325,0.6442,0.093,0.0051,45055,49.7579
180_coleta_20260420_162016_milho_20260420_155946.jpg,milho,819901,0.068325,1.5522,0.093,0.0051,45055,49.7579
270_coleta_20260420_162016_milho_20260420_155946.jpg,milho,819901,0.068325,0.6442,0.093,0.0051,45055,49.7579
0_coleta_20260420_162009_milho_20260420_160004.jpg,milho,665374,0.055448,1.421,0.0713,0.0211,19926,24.428
90_coleta_20260420_162009_milho_20260420_160004.jpg,milho,665374,0.055448,0.7037,0.0713,0.0211,19926,24.428
180_coleta_20260420_162009_milho_20260420_160004.jpg,milho,665374,0.055448,1.421,0.0713,0.0211,19926,24.428
270_coleta_20260420_162009_milho_20260420_160004.jpg,milho,665374,0.055448,0.7037,0.0713,0.0211,19926,24.428
0_IMG_20260419_161055639_HDR.jpg,milho,136302,0.011359,1.2166,0.0259,0.0323,7280,19.7188
90_IMG_20260419_161055639_HDR.jpg,milho,136302,0.011359,0.822,0.0259,0.0323,7280,19.7188
180_IMG_20260419_161055639_HDR.jpg,milho,136302,0.011359,1.2166,0.0259,0.0323,7280,19.7188
270_IMG_20260419_161055639_HDR.jpg,milho,136302,0.011359,0.822,0.0259,0.0323,7280,19.7188
0_IMG_20260419_161034586_HDR.jpg,milho,640346,0.053362,1.7801,0.1217,0.0275,17112,21.3842
90_IMG_20260419_161034586_HDR.jpg,milho,640346,0.053362,0.5618,0.1217,0.0275,17112,21.3842
180_IMG_20260419_161034586_HDR.jpg,milho,640346,0.053362,1.7801,0.1217,0.0275,17112,21.3842
270_IMG_20260419_161034586_HDR.jpg,milho,640346,0.053362,0.5618,0.1217,0.0275,17112,21.3842
0_IMG_20260419_161003595_HDR.jpg,milho,401214,0.033434,1.3782,0.0641,0.0203,15778,24.9094
90_IMG_20260419_161003595_HDR.jpg,milho,401214,0.033434,0.7256,0.0641,0.0203,15778,24.9094
180_IMG_20260419_161003595_HDR.jpg,milho,401214,0.033434,1.3782,0.0641,0.0203,15778,24.9094
270_IMG_20260419_161003595_HDR.jpg,milho,401214,0.033434,0.7256,0.0641,0.0203,15778,24.9094
0_coleta_20260420_161920_milho_20260420_160155.jpg,milho,543739,0.045312,1.4521,0.052,0.0193,18802,25.4982
90_coleta_20260420_161920_milho_20260420_160155.jpg,milho,543739,0.045312,0.6887,0.052,0.0193,18802,25.4982
180_coleta_20260420_161920_milho_20260420_160155.jpg,milho,543739,0.045312,1.4521,0.052,0.0193,18802,25.4982
270_coleta_20260420_161920_milho_20260420_160155.jpg,milho,543739,0.045312,0.6887,0.052,0.0193,18802,25.4982
0_IMG_20260419_160906955_HDR.jpg,milho,69216,0.005768,0.8879,0.0347,0.084,3218,12.2316
90_IMG_20260419_160906955_HDR.jpg,milho,69216,0.005768,1.1263,0.0347,0.084,3218,12.2316
180_IMG_20260419_160906955_HDR.jpg,milho,69216,0.005768,0.8879,0.0347,0.084,3218,12.2316
270_IMG_20260419_160906955_HDR.jpg,milho,69216,0.005768,1.1263,0.0347,0.084,3218,12.2316
0_IMG_20260419_160914785_HDR.jpg,milho,222005,0.0185,1.3691,0.2406,0.1083,5076,10.7731
90_IMG_20260419_160914785_HDR.jpg,milho,222005,0.0185,0.7304,0.2406,0.1083,5076,10.7731
180_IMG_20260419_160914785_HDR.jpg,milho,222005,0.0185,1.3691,0.2406,0.1083,5076,10.7731
270_IMG_20260419_160914785_HDR.jpg,milho,222005,0.0185,0.7304,0.2406,0.1083,5076,10.7731
0_IMG_20260419_161053777_HDR.jpg,milho,169198,0.0141,0.8659,0.0285,0.0347,7828,19.0306
90_IMG_20260419_161053777_HDR.jpg,milho,169198,0.0141,1.1549,0.0285,0.0347,7828,19.0306
180_IMG_20260419_161053777_HDR.jpg,milho,169198,0.0141,0.8659,0.0285,0.0347,7828,19.0306
270_IMG_20260419_161053777_HDR.jpg,milho,169198,0.0141,1.1549,0.0285,0.0347,7828,19.0306
0_coleta_20260420_161844_milho_20260420_160246.jpg,milho,430461,0.035872,2.4907,0.067,0.0169,17882,27.2552
90_coleta_20260420_161844_milho_20260420_160246.jpg,milho,430461,0.035872,0.4015,0.067,0.0169,17882,27.2552
180_coleta_20260420_161844_milho_20260420_160246.jpg,milho,430461,0.035872,2.4907,0.067,0.0169,17882,27.2552
270_coleta_20260420_161844_milho_20260420_160246.jpg,milho,430461,0.035872,0.4015,0.067,0.0169,17882,27.2552
0_coleta_20260420_161831_milho_20260420_160258.jpg,milho,185200,0.015433,1.0886,0.0232,0.0242,9806,22.7862
90_coleta_20260420_161831_milho_20260420_160258.jpg,milho,185200,0.015433,0.9186,0.0232,0.0242,9806,22.7862
180_coleta_20260420_161831_milho_20260420_160258.jpg,milho,185200,0.015433,1.0886,0.0232,0.0242,9806,22.7862
270_coleta_20260420_161831_milho_20260420_160258.jpg,milho,185200,0.015433,0.9186,0.0232,0.0242,9806,22.7862
0_IMG_20260419_160909614_HDR.jpg,milho,84469,0.007039,1.7005,0.0865,0.086,3514,12.0907
90_IMG_20260419_160909614_HDR.jpg,milho,84469,0.007039,0.5881,0.0865,0.086,3514,12.0907
180_IMG_20260419_160909614_HDR.jpg,milho,84469,0.007039,1.7005,0.0865,0.086,3514,12.0907
270_IMG_20260419_160909614_HDR.jpg,milho,84469,0.007039,0.5881,0.0865,0.086,3514,12.0907
0_coleta_20260420_161949_milho_20260420_160047.jpg,milho,1020179,0.085015,1.3333,0.085,0.0035,60695,60.0917
90_coleta_20260420_161949_milho_20260420_160047.jpg,milho,1020179,0.085015,0.75,0.085,0.0035,60695,60.0917
180_coleta_20260420_161949_milho_20260420_160047.jpg,milho,1020179,0.085015,1.3333,0.085,0.0035,60695,60.0917
270_coleta_20260420_161949_milho_20260420_160047.jpg,milho,1020179,0.085015,0.75,0.085,0.0035,60695,60.0917
0_IMG_20260419_160855961_HDR.jpg,milho,381201,0.031767,2.0676,0.0897,0.0211,15080,24.4244
90_IMG_20260419_160855961_HDR.jpg,milho,381201,0.031767,0.4836,0.0897,0.0211,15080,24.4244
180_IMG_20260419_160855961_HDR.jpg,milho,381201,0.031767,2.0676,0.0897,0.0211,15080,24.4244
270_IMG_20260419_160855961_HDR.jpg,milho,381201,0.031767,0.4836,0.0897,0.0211,15080,24.4244
0_coleta_20260420_162014_milho_20260420_155951.jpg,milho,116473,0.009706,1.1962,0.0225,0.0565,5088,14.9085
90_coleta_20260420_162014_milho_20260420_155951.jpg,milho,116473,0.009706,0.8359,0.0225,0.0565,5088,14.9085
180_coleta_20260420_162014_milho_20260420_155951.jpg,milho,116473,0.009706,1.1962,0.0225,0.0565,5088,14.9085
270_coleta_20260420_162014_milho_20260420_155951.jpg,milho,116473,0.009706,0.8359,0.0225,0.0565,5088,14.9085
0_IMG_20260419_160721534_HDR.jpg,milho,290708,0.024226,1.5476,0.0994,0.0541,8218,15.2418
90_IMG_20260419_160721534_HDR.jpg,milho,290708,0.024226,0.6461,0.0994,0.0541,8218,15.2418
180_IMG_20260419_160721534_HDR.jpg,milho,290708,0.024226,1.5476,0.0994,0.0541,8218,15.2418
270_IMG_20260419_160721534_HDR.jpg,milho,290708,0.024226,0.6461,0.0994,0.0541,8218,15.2418
0_coleta_20260420_161913_milho_20260420_160206.jpg,milho,424095,0.035341,1.3877,0.0449,0.0214,15789,24.245
90_coleta_20260420_161913_milho_20260420_160206.jpg,milho,424095,0.035341,0.7206,0.0449,0.0214,15789,24.245
180_coleta_20260420_161913_milho_20260420_160206.jpg,milho,424095,0.035341,1.3877,0.0449,0.0214,15789,24.245
270_coleta_20260420_161913_milho_20260420_160206.jpg,milho,424095,0.035341,0.7206,0.0449,0.0214,15789,24.245
0_coleta_20260420_162039_milho_20260420_155906.jpg,milho,325969,0.027164,1.3333,0.0272,0.0065,25028,43.8367
90_coleta_20260420_162039_milho_20260420_155906.jpg,milho,325969,0.027164,0.75,0.0272,0.0065,25028,43.8367
180_coleta_20260420_162039_milho_20260420_155906.jpg,milho,325969,0.027164,1.3333,0.0272,0.0065,25028,43.8367
270_coleta_20260420_162039_milho_20260420_155906.jpg,milho,325969,0.027164,0.75,0.0272,0.0065,25028,43.8367
0_coleta_20260420_162022_milho_20260420_155937.jpg,milho,491009,0.040917,1.2627,0.0565,0.0218,16808,23.9867
90_coleta_20260420_162022_milho_20260420_155937.jpg,milho,491009,0.040917,0.792,0.0565,0.0218,16808,23.9867
180_coleta_20260420_162022_milho_20260420_155937.jpg,milho,491009,0.040917,1.2627,0.0565,0.0218,16808,23.9867
270_coleta_20260420_162022_milho_20260420_155937.jpg,milho,491009,0.040917,0.792,0.0565,0.0218,16808,23.9867
0_IMG_20260419_160843897_HDR.jpg,milho,505642,0.042137,1.4664,0.0642,0.027,15336,21.567
90_IMG_20260419_160843897_HDR.jpg,milho,505642,0.042137,0.682,0.0642,0.027,15336,21.567
180_IMG_20260419_160843897_HDR.jpg,milho,505642,0.042137,1.4664,0.0642,0.027,15336,21.567
270_IMG_20260419_160843897_HDR.jpg,milho,505642,0.042137,0.682,0.0642,0.027,15336,21.567
0_IMG_20260419_160847278_HDR.jpg,milho,893041,0.07442,1.2859,0.1146,0.0127,29726,31.4558
90_IMG_20260419_160847278_HDR.jpg,milho,893041,0.07442,0.7776,0.1146,0.0127,29726,31.4558
180_IMG_20260419_160847278_HDR.jpg,milho,893041,0.07442,1.2859,0.1146,0.0127,29726,31.4558
270_IMG_20260419_160847278_HDR.jpg,milho,893041,0.07442,0.7776,0.1146,0.0127,29726,31.4558
0_coleta_20260420_161946_milho_20260420_160050.jpg,milho,1184436,0.098703,1.3333,0.0987,0.0029,71668,65.8521
90_coleta_20260420_161946_milho_20260420_160050.jpg,milho,1184436,0.098703,0.75,0.0987,0.0029,71668,65.8521
180_coleta_20260420_161946_milho_20260420_160050.jpg,milho,1184436,0.098703,1.3333,0.0987,0.0029,71668,65.8521
270_coleta_20260420_161946_milho_20260420_160050.jpg,milho,1184436,0.098703,0.75,0.0987,0.0029,71668,65.8521
0_IMG_20260419_160814788_HDR.jpg,milho,216352,0.018029,0.9245,0.0412,0.0554,7007,15.0644
90_IMG_20260419_160814788_HDR.jpg,milho,216352,0.018029,1.0817,0.0412,0.0554,7007,15.0644
180_IMG_20260419_160814788_HDR.jpg,milho,216352,0.018029,0.9245,0.0412,0.0554,7007,15.0644
270_IMG_20260419_160814788_HDR.jpg,milho,216352,0.018029,1.0817,0.0412,0.0554,7007,15.0644
0_IMG_20260419_160927359_HDR.jpg,milho,316723,0.026394,1.1503,0.0582,0.0185,14684,26.0918
90_IMG_20260419_160927359_HDR.jpg,milho,316723,0.026394,0.8693,0.0582,0.0185,14684,26.0918
180_IMG_20260419_160927359_HDR.jpg,milho,316723,0.026394,1.1503,0.0582,0.0185,14684,26.0918
270_IMG_20260419_160927359_HDR.jpg,milho,316723,0.026394,0.8693,0.0582,0.0185,14684,26.0918
0_coleta_20260420_161748_milho_20260420_160337.jpg,milho,351709,0.029309,0.9669,0.0592,0.0211,14476,24.4094
90_coleta_20260420_161748_milho_20260420_160337.jpg,milho,351709,0.029309,1.0342,0.0592,0.0211,14476,24.4094
180_coleta_20260420_161748_milho_20260420_160337.jpg,milho,351709,0.029309,0.9669,0.0592,0.0211,14476,24.4094
270_coleta_20260420_161748_milho_20260420_160337.jpg,milho,351709,0.029309,1.0342,0.0592,0.0211,14476,24.4094
0_coleta_20260420_161807_milho_20260420_160323.jpg,milho,413543,0.034462,1.5546,0.0493,0.0156,18275,28.4182
90_coleta_20260420_161807_milho_20260420_160323.jpg,milho,413543,0.034462,0.6432,0.0493,0.0156,18275,28.4182
180_coleta_20260420_161807_milho_20260420_160323.jpg,milho,413543,0.034462,1.5546,0.0493,0.0156,18275,28.4182
270_coleta_20260420_161807_milho_20260420_160323.jpg,milho,413543,0.034462,0.6432,0.0493,0.0156,18275,28.4182
0_IMG_20260419_160850025_HDR.jpg,milho,770470,0.064206,1.1647,0.0957,0.0269,18984,21.6277
90_IMG_20260419_160850025_HDR.jpg,milho,770470,0.064206,0.8586,0.0957,0.0269,18984,21.6277
180_IMG_20260419_160850025_HDR.jpg,milho,770470,0.064206,1.1647,0.0957,0.0269,18984,21.6277
270_IMG_20260419_160850025_HDR.jpg,milho,770470,0.064206,0.8586,0.0957,0.0269,18984,21.6277
0_IMG_20260419_160823253_HDR.jpg,milho,426209,0.035517,1.4878,0.1395,0.0334,12670,19.4073
90_IMG_20260419_160823253_HDR.jpg,milho,426209,0.035517,0.6721,0.1395,0.0334,12670,19.4073
180_IMG_20260419_160823253_HDR.jpg,milho,426209,0.035517,1.4878,0.1395,0.0334,12670,19.4073
270_IMG_20260419_160823253_HDR.jpg,milho,426209,0.035517,0.6721,0.1395,0.0334,12670,19.4073
0_IMG_20260419_160945735_HDR.jpg,milho,103212,0.008601,1.0191,0.0137,0.0672,4394,13.6771
90_IMG_20260419_160945735_HDR.jpg,milho,103212,0.008601,0.9812,0.0137,0.0672,4394,13.6771
180_IMG_20260419_160945735_HDR.jpg,milho,103212,0.008601,1.0191,0.0137,0.0672,4394,13.6771
270_IMG_20260419_160945735_HDR.jpg,milho,103212,0.008601,0.9812,0.0137,0.0672,4394,13.6771
0_IMG_20260419_160819196_HDR.jpg,milho,225060,0.018755,2.0547,0.0775,0.0645,6624,13.9628
90_IMG_20260419_160819196_HDR.jpg,milho,225060,0.018755,0.4867,0.0775,0.0645,6624,13.9628
180_IMG_20260419_160819196_HDR.jpg,milho,225060,0.018755,2.0547,0.0775,0.0645,6624,13.9628
270_IMG_20260419_160819196_HDR.jpg,milho,225060,0.018755,0.4867,0.0775,0.0645,6624,13.9628
0_IMG_20260419_161044850_HDR.jpg,milho,894276,0.074523,1.2702,0.2024,0.044,15983,16.9014
90_IMG_20260419_161044850_HDR.jpg,milho,894276,0.074523,0.7873,0.2024,0.044,15983,16.9014
180_IMG_20260419_161044850_HDR.jpg,milho,894276,0.074523,1.2702,0.2024,0.044,15983,16.9014
270_IMG_20260419_161044850_HDR.jpg,milho,894276,0.074523,0.7873,0.2024,0.044,15983,16.9014
0_coleta_20260420_162025_milho_20260420_155929.jpg,milho,851577,0.070965,1.6532,0.0938,0.0076,37531,40.6704
90_coleta_20260420_162025_milho_20260420_155929.jpg,milho,851577,0.070965,0.6049,0.0938,0.0076,37531,40.6704
180_coleta_20260420_162025_milho_20260420_155929.jpg,milho,851577,0.070965,1.6532,0.0938,0.0076,37531,40.6704
270_coleta_20260420_162025_milho_20260420_155929.jpg,milho,851577,0.070965,0.6049,0.0938,0.0076,37531,40.6704
0_IMG_20260419_161012001_HDR.jpg,milho,226958,0.018913,1.2927,0.0525,0.0412,8321,17.4664
90_IMG_20260419_161012001_HDR.jpg,milho,226958,0.018913,0.7736,0.0525,0.0412,8321,17.4664
180_IMG_20260419_161012001_HDR.jpg,milho,226958,0.018913,1.2927,0.0525,0.0412,8321,17.4664
270_IMG_20260419_161012001_HDR.jpg,milho,226958,0.018913,0.7736,0.0525,0.0412,8321,17.4664
0_IMG_20260419_160729824_HDR.jpg,milho,146770,0.012231,2.3927,0.0283,0.0519,5964,15.5675
90_IMG_20260419_160729824_HDR.jpg,milho,146770,0.012231,0.4179,0.0283,0.0519,5964,15.5675
180_IMG_20260419_160729824_HDR.jpg,milho,146770,0.012231,2.3927,0.0283,0.0519,5964,15.5675
270_IMG_20260419_160729824_HDR.jpg,milho,146770,0.012231,0.4179,0.0283,0.0519,5964,15.5675
0_coleta_20260420_161940_milho_20260420_160133.jpg,milho,128255,0.010688,1.011,0.0141,0.041,6266,17.4966
90_coleta_20260420_161940_milho_20260420_160133.jpg,milho,128255,0.010688,0.9891,0.0141,0.041,6266,17.4966
180_coleta_20260420_161940_milho_20260420_160133.jpg,milho,128255,0.010688,1.011,0.0141,0.041,6266,17.4966
270_coleta_20260420_161940_milho_20260420_160133.jpg,milho,128255,0.010688,0.9891,0.0141,0.041,6266,17.4966
0_coleta_20260420_161911_milho_20260420_160209.jpg,milho,351326,0.029277,1.2603,0.031,0.0185,15437,26.044
90_coleta_20260420_161911_milho_20260420_160209.jpg,milho,351326,0.029277,0.7934,0.031,0.0185,15437,26.044
180_coleta_20260420_161911_milho_20260420_160209.jpg,milho,351326,0.029277,1.2603,0.031,0.0185,15437,26.044
270_coleta_20260420_161911_milho_20260420_160209.jpg,milho,351326,0.029277,0.7934,0.031,0.0185,15437,26.044
0_IMG_20260419_161009715_HDR.jpg,milho,380701,0.031725,1.8767,0.0674,0.0322,12193,19.7614
90_IMG_20260419_161009715_HDR.jpg,milho,380701,0.031725,0.5329,0.0674,0.0322,12193,19.7614
180_IMG_20260419_161009715_HDR.jpg,milho,380701,0.031725,1.8767,0.0674,0.0322,12193,19.7614
270_IMG_20260419_161009715_HDR.jpg,milho,380701,0.031725,0.5329,0.0674,0.0322,12193,19.7614
0_coleta_20260420_161821_milho_20260420_160312.jpg,milho,593924,0.049494,1.2059,0.0887,0.0159,21684,28.1368
90_coleta_20260420_161821_milho_20260420_160312.jpg,milho,593924,0.049494,0.8293,0.0887,0.0159,21684,28.1368
180_coleta_20260420_161821_milho_20260420_160312.jpg,milho,593924,0.049494,1.2059,0.0887,0.0159,21684,28.1368
270_coleta_20260420_161821_milho_20260420_160312.jpg,milho,593924,0.049494,0.8293,0.0887,0.0159,21684,28.1368
0_coleta_20260420_161824_milho_20260420_160304.jpg,milho,510092,0.042508,1.7414,0.0664,0.0299,14637,20.4941
90_coleta_20260420_161824_milho_20260420_160304.jpg,milho,510092,0.042508,0.5742,0.0664,0.0299,14637,20.4941
180_coleta_20260420_161824_milho_20260420_160304.jpg,milho,510092,0.042508,1.7414,0.0664,0.0299,14637,20.4941
270_coleta_20260420_161824_milho_20260420_160304.jpg,milho,510092,0.042508,0.5742,0.0664,0.0299,14637,20.4941
0_coleta_20260420_162001_milho_20260420_160014.jpg,milho,299982,0.024998,1.132,0.033,0.0212,13343,24.3616
90_coleta_20260420_162001_milho_20260420_160014.jpg,milho,299982,0.024998,0.8834,0.033,0.0212,13343,24.3616
180_coleta_20260420_162001_milho_20260420_160014.jpg,milho,299982,0.024998,1.132,0.033,0.0212,13343,24.3616
270_coleta_20260420_162001_milho_20260420_160014.jpg,milho,299982,0.024998,0.8834,0.033,0.0212,13343,24.3616
0_IMG_20260419_160812484_HDR.jpg,milho,90435,0.007536,1.2769,0.016,0.0578,4436,14.7511
90_IMG_20260419_160812484_HDR.jpg,milho,90435,0.007536,0.7832,0.016,0.0578,4436,14.7511
180_IMG_20260419_160812484_HDR.jpg,milho,90435,0.007536,1.2769,0.016,0.0578,4436,14.7511
270_IMG_20260419_160812484_HDR.jpg,milho,90435,0.007536,0.7832,0.016,0.0578,4436,14.7511
0_IMG_20260419_161042830_HDR.jpg,milho,320048,0.026671,1.6937,0.0645,0.0438,9584,16.941
90_IMG_20260419_161042830_HDR.jpg,milho,320048,0.026671,0.5904,0.0645,0.0438,9584,16.941
180_IMG_20260419_161042830_HDR.jpg,milho,320048,0.026671,1.6937,0.0645,0.0438,9584,16.941
270_IMG_20260419_161042830_HDR.jpg,milho,320048,0.026671,0.5904,0.0645,0.0438,9584,16.941
0_IMG_20260419_160801508_HDR.jpg,milho,558104,0.046509,1.2843,0.0491,0.0193,19060,25.5132
90_IMG_20260419_160801508_HDR.jpg,milho,558104,0.046509,0.7786,0.0491,0.0193,19060,25.5132
180_IMG_20260419_160801508_HDR.jpg,milho,558104,0.046509,1.2843,0.0491,0.0193,19060,25.5132
270_IMG_20260419_160801508_HDR.jpg,milho,558104,0.046509,0.7786,0.0491,0.0193,19060,25.5132
0_IMG_20260419_160900422_HDR.jpg,milho,286869,0.023906,1.1923,0.1135,0.0706,7144,13.3383
90_IMG_20260419_160900422_HDR.jpg,milho,286869,0.023906,0.8387,0.1135,0.0706,7144,13.3383
180_IMG_20260419_160900422_HDR.jpg,milho,286869,0.023906,1.1923,0.1135,0.0706,7144,13.3383
270_IMG_20260419_160900422_HDR.jpg,milho,286869,0.023906,0.8387,0.1135,0.0706,7144,13.3383
0_IMG_20260419_161108959_HDR.jpg,milho,364890,0.030408,1.6449,0.0462,0.0228,14187,23.486
90_IMG_20260419_161108959_HDR.jpg,milho,364890,0.030408,0.6079,0.0462,0.0228,14187,23.486
180_IMG_20260419_161108959_HDR.jpg,milho,364890,0.030408,1.6449,0.0462,0.0228,14187,23.486
270_IMG_20260419_161108959_HDR.jpg,milho,364890,0.030408,0.6079,0.0462,0.0228,14187,23.486
0_IMG_20260419_161031858_HDR.jpg,milho,334180,0.027848,1.6206,0.0382,0.0317,11503,19.8985
90_IMG_20260419_161031858_HDR.jpg,milho,334180,0.027848,0.6171,0.0382,0.0317,11503,19.8985
180_IMG_20260419_161031858_HDR.jpg,milho,334180,0.027848,1.6206,0.0382,0.0317,11503,19.8985
270_IMG_20260419_161031858_HDR.jpg,milho,334180,0.027848,0.6171,0.0382,0.0317,11503,19.8985
0_IMG_20260419_160714545_HDR.jpg,milho,208350,0.017362,1.3427,0.1134,0.0437,7736,16.948
90_IMG_20260419_160714545_HDR.jpg,milho,208350,0.017362,0.7447,0.1134,0.0437,7736,16.948
180_IMG_20260419_160714545_HDR.jpg,milho,208350,0.017362,1.3427,0.1134,0.0437,7736,16.948
270_IMG_20260419_160714545_HDR.jpg,milho,208350,0.017362,0.7447,0.1134,0.0437,7736,16.948
0_coleta_20260420_161755_milho_20260420_160335.jpg,milho,464002,0.038667,1.4268,0.0624,0.0189,17544,25.7554
90_coleta_20260420_161755_milho_20260420_160335.jpg,milho,464002,0.038667,0.7009,0.0624,0.0189,17544,25.7554
180_coleta_20260420_161755_milho_20260420_160335.jpg,milho,464002,0.038667,1.4268,0.0624,0.0189,17544,25.7554
270_coleta_20260420_161755_milho_20260420_160335.jpg,milho,464002,0.038667,0.7009,0.0624,0.0189,17544,25.7554
0_coleta_20260420_161847_milho_20260420_160244.jpg,milho,407900,0.033992,2.1072,0.0592,0.0207,15754,24.6669
90_coleta_20260420_161847_milho_20260420_160244.jpg,milho,407900,0.033992,0.4746,0.0592,0.0207,15754,24.6669
180_coleta_20260420_161847_milho_20260420_160244.jpg,milho,407900,0.033992,2.1072,0.0592,0.0207,15754,24.6669
270_coleta_20260420_161847_milho_20260420_160244.jpg,milho,407900,0.033992,0.4746,0.0592,0.0207,15754,24.6669
0_IMG_20260419_160732642_HDR.jpg,milho,485272,0.040439,0.8646,0.067,0.0274,14906,21.3978
90_IMG_20260419_160732642_HDR.jpg,milho,485272,0.040439,1.1566,0.067,0.0274,14906,21.3978
180_IMG_20260419_160732642_HDR.jpg,milho,485272,0.040439,0.8646,0.067,0.0274,14906,21.3978
270_IMG_20260419_160732642_HDR.jpg,milho,485272,0.040439,1.1566,0.067,0.0274,14906,21.3978
0_IMG_20260419_160728433_HDR.jpg,milho,362652,0.030221,1.2856,0.0522,0.0257,13324,22.1253
90_IMG_20260419_160728433_HDR.jpg,milho,362652,0.030221,0.7779,0.0522,0.0257,13324,22.1253
180_IMG_20260419_160728433_HDR.jpg,milho,362652,0.030221,1.2856,0.0522,0.0257,13324,22.1253
270_IMG_20260419_160728433_HDR.jpg,milho,362652,0.030221,0.7779,0.0522,0.0257,13324,22.1253
0_IMG_20260419_161038757_HDR.jpg,milho,1076234,0.089686,1.2959,0.0997,0.0212,25228,24.3181
90_IMG_20260419_161038757_HDR.jpg,milho,1076234,0.089686,0.7717,0.0997,0.0212,25228,24.3181
180_IMG_20260419_161038757_HDR.jpg,milho,1076234,0.089686,1.2959,0.0997,0.0212,25228,24.3181
270_IMG_20260419_161038757_HDR.jpg,milho,1076234,0.089686,0.7717,0.0997,0.0212,25228,24.3181
0_coleta_20260420_161943_milho_20260420_160131.jpg,milho,202464,0.016872,1.6054,0.0286,0.0167,12334,27.4113
90_coleta_20260420_161943_milho_20260420_160131.jpg,milho,202464,0.016872,0.6229,0.0286,0.0167,12334,27.4113
180_coleta_20260420_161943_milho_20260420_160131.jpg,milho,202464,0.016872,1.6054,0.0286,0.0167,12334,27.4113
270_coleta_20260420_161943_milho_20260420_160131.jpg,milho,202464,0.016872,0.6229,0.0286,0.0167,12334,27.4113
0_coleta_20260420_161937_milho_20260420_160137.jpg,milho,145828,0.012152,1.1831,0.0166,0.0228,8971,23.492
90_coleta_20260420_161937_milho_20260420_160137.jpg,milho,145828,0.012152,0.8453,0.0166,0.0228,8971,23.492
180_coleta_20260420_161937_milho_20260420_160137.jpg,milho,145828,0.012152,1.1831,0.0166,0.0228,8971,23.492
270_coleta_20260420_161937_milho_20260420_160137.jpg,milho,145828,0.012152,0.8453,0.0166,0.0228,8971,23.492
0_coleta_20260420_161933_milho_20260420_160141.jpg,milho,247965,0.020664,1.3846,0.0244,0.0132,15364,30.8538
90_coleta_20260420_161933_milho_20260420_160141.jpg,milho,247965,0.020664,0.7223,0.0244,0.0132,15364,30.8538
180_coleta_20260420_161933_milho_20260420_160141.jpg,milho,247965,0.020664,1.3846,0.0244,0.0132,15364,30.8538
270_coleta_20260420_161933_milho_20260420_160141.jpg,milho,247965,0.020664,0.7223,0.0244,0.0132,15364,30.8538
0_coleta_20260420_161759_milho_20260420_160331.jpg,milho,97828,0.008152,1.4254,0.0121,0.033,6106,19.522
90_coleta_20260420_161759_milho_20260420_160331.jpg,milho,97828,0.008152,0.7016,0.0121,0.033,6106,19.522
180_coleta_20260420_161759_milho_20260420_160331.jpg,milho,97828,0.008152,1.4254,0.0121,0.033,6106,19.522
270_coleta_20260420_161759_milho_20260420_160331.jpg,milho,97828,0.008152,0.7016,0.0121,0.033,6106,19.522
0_IMG_20260419_160930309_HDR.jpg,milho,473720,0.039477,1.4358,0.0425,0.0076,28029,40.7237
90_IMG_20260419_160930309_HDR.jpg,milho,473720,0.039477,0.6965,0.0425,0.0076,28029,40.7237
180_IMG_20260419_160930309_HDR.jpg,milho,473720,0.039477,1.4358,0.0425,0.0076,28029,40.7237
270_IMG_20260419_160930309_HDR.jpg,milho,473720,0.039477,0.6965,0.0425,0.0076,28029,40.7237
0_coleta_20260420_161917_milho_20260420_160201.jpg,milho,486888,0.040574,1.628,0.0495,0.0224,16513,23.6653
90_coleta_20260420_161917_milho_20260420_160201.jpg,milho,486888,0.040574,0.6142,0.0495,0.0224,16513,23.6653
180_coleta_20260420_161917_milho_20260420_160201.jpg,milho,486888,0.040574,1.628,0.0495,0.0224,16513,23.6653
270_coleta_20260420_161917_milho_20260420_160201.jpg,milho,486888,0.040574,0.6142,0.0495,0.0224,16513,23.6653
0_coleta_20260420_161903_milho_20260420_160219.jpg,milho,353952,0.029496,1.7425,0.0409,0.0126,18788,31.5797
90_coleta_20260420_161903_milho_20260420_160219.jpg,milho,353952,0.029496,0.5739,0.0409,0.0126,18788,31.5797
180_coleta_20260420_161903_milho_20260420_160219.jpg,milho,353952,0.029496,1.7425,0.0409,0.0126,18788,31.5797
270_coleta_20260420_161903_milho_20260420_160219.jpg,milho,353952,0.029496,0.5739,0.0409,0.0126,18788,31.5797
0_coleta_20260420_161838_milho_20260420_160252.jpg,milho,111742,0.009312,1.5819,0.0149,0.089,3972,11.8823
90_coleta_20260420_161838_milho_20260420_160252.jpg,milho,111742,0.009312,0.6322,0.0149,0.089,3972,11.8823
180_coleta_20260420_161838_milho_20260420_160252.jpg,milho,111742,0.009312,1.5819,0.0149,0.089,3972,11.8823
270_coleta_20260420_161838_milho_20260420_160252.jpg,milho,111742,0.009312,0.6322,0.0149,0.089,3972,11.8823
0_coleta_20260420_161814_milho_20260420_160318.jpg,milho,784115,0.065343,1.2693,0.1657,0.0176,23668,26.7283
90_coleta_20260420_161814_milho_20260420_160318.jpg,milho,784115,0.065343,0.7878,0.1657,0.0176,23668,26.7283
180_coleta_20260420_161814_milho_20260420_160318.jpg,milho,784115,0.065343,1.2693,0.1657,0.0176,23668,26.7283
270_coleta_20260420_161814_milho_20260420_160318.jpg,milho,784115,0.065343,0.7878,0.1657,0.0176,23668,26.7283
0_coleta_20260420_161811_milho_20260420_160320.jpg,milho,226512,0.018876,1.4628,0.0281,0.0193,12136,25.4994
90_coleta_20260420_161811_milho_20260420_160320.jpg,milho,226512,0.018876,0.6836,0.0281,0.0193,12136,25.4994
180_coleta_20260420_161811_milho_20260420_160320.jpg,milho,226512,0.018876,1.4628,0.0281,0.0193,12136,25.4994
270_coleta_20260420_161811_milho_20260420_160320.jpg,milho,226512,0.018876,0.6836,0.0281,0.0193,12136,25.4994
0_coleta_20260420_162019_milho_20260420_155941.jpg,milho,561598,0.0468,1.2009,0.053,0.0128,23491,31.3465
90_coleta_20260420_162019_milho_20260420_155941.jpg,milho,561598,0.0468,0.8327,0.053,0.0128,23491,31.3465
180_coleta_20260420_162019_milho_20260420_155941.jpg,milho,561598,0.0468,1.2009,0.053,0.0128,23491,31.3465
270_coleta_20260420_162019_milho_20260420_155941.jpg,milho,561598,0.0468,0.8327,0.053,0.0128,23491,31.3465
0_IMG_20260419_161001049_HDR.jpg,milho,259377,0.021615,1.7045,0.049,0.0283,10738,21.0842
90_IMG_20260419_161001049_HDR.jpg,milho,259377,0.021615,0.5867,0.049,0.0283,10738,21.0842
180_IMG_20260419_161001049_HDR.jpg,milho,259377,0.021615,1.7045,0.049,0.0283,10738,21.0842
270_IMG_20260419_161001049_HDR.jpg,milho,259377,0.021615,0.5867,0.049,0.0283,10738,21.0842
0_coleta_20260420_161849_milho_20260420_160242.jpg,milho,315026,0.026252,1.5657,0.0389,0.0157,15862,28.2608
90_coleta_20260420_161849_milho_20260420_160242.jpg,milho,315026,0.026252,0.6387,0.0389,0.0157,15862,28.2608
180_coleta_20260420_161849_milho_20260420_160242.jpg,milho,315026,0.026252,1.5657,0.0389,0.0157,15862,28.2608
270_coleta_20260420_161849_milho_20260420_160242.jpg,milho,315026,0.026252,0.6387,0.0389,0.0157,15862,28.2608
0_IMG_20260419_161016659_HDR.jpg,milho,621359,0.05178,1.2767,0.0545,0.0363,14676,18.6181
90_IMG_20260419_161016659_HDR.jpg,milho,621359,0.05178,0.7833,0.0545,0.0363,14676,18.6181
180_IMG_20260419_161016659_HDR.jpg,milho,621359,0.05178,1.2767,0.0545,0.0363,14676,18.6181
270_IMG_20260419_161016659_HDR.jpg,milho,621359,0.05178,0.7833,0.0545,0.0363,14676,18.6181
0_IMG_20260419_160932850_HDR.jpg,milho,407899,0.033992,1.205,0.0569,0.0195,16225,25.4044
90_IMG_20260419_160932850_HDR.jpg,milho,407899,0.033992,0.8299,0.0569,0.0195,16225,25.4044
180_IMG_20260419_160932850_HDR.jpg,milho,407899,0.033992,1.205,0.0569,0.0195,16225,25.4044
270_IMG_20260419_160932850_HDR.jpg,milho,407899,0.033992,0.8299,0.0569,0.0195,16225,25.4044
0_IMG_20260419_161050068_HDR.jpg,milho,643139,0.053595,1.4721,0.0734,0.0357,15050,18.7665
90_IMG_20260419_161050068_HDR.jpg,milho,643139,0.053595,0.6793,0.0734,0.0357,15050,18.7665
180_IMG_20260419_161050068_HDR.jpg,milho,643139,0.053595,1.4721,0.0734,0.0357,15050,18.7665
270_IMG_20260419_161050068_HDR.jpg,milho,643139,0.053595,0.6793,0.0734,0.0357,15050,18.7665
0_coleta_20260420_162036_milho_20260420_155911.jpg,milho,248243,0.020687,1.3333,0.0207,0.0119,16208,32.5305
90_coleta_20260420_162036_milho_20260420_155911.jpg,milho,248243,0.020687,0.75,0.0207,0.0119,16208,32.5305
180_coleta_20260420_162036_milho_20260420_155911.jpg,milho,248243,0.020687,1.3333,0.0207,0.0119,16208,32.5305
270_coleta_20260420_162036_milho_20260420_155911.jpg,milho,248243,0.020687,0.75,0.0207,0.0119,16208,32.5305
0_IMG_20260419_160112975_HDR.jpg,erva_daninha,117672,0.009806,0.6399,0.0329,0.0109,11670,34.02
90_IMG_20260419_160112975_HDR.jpg,erva_daninha,117672,0.009806,1.5628,0.0329,0.0109,11670,34.02
180_IMG_20260419_160112975_HDR.jpg,erva_daninha,117672,0.009806,0.6399,0.0329,0.0109,11670,34.02
270_IMG_20260419_160112975_HDR.jpg,erva_daninha,117672,0.009806,1.5628,0.0329,0.0109,11670,34.02
0_coleta_20260420_161651_erva_daninha_20260420_160919.jpg,erva_daninha,754644,0.062887,1.3333,0.0629,0.0014,83255,95.8383
90_coleta_20260420_161651_erva_daninha_20260420_160919.jpg,erva_daninha,754644,0.062887,0.75,0.0629,0.0014,83255,95.8383
180_coleta_20260420_161651_erva_daninha_20260420_160919.jpg,erva_daninha,754644,0.062887,1.3333,0.0629,0.0014,83255,95.8383
270_coleta_20260420_161651_erva_daninha_20260420_160919.jpg,erva_daninha,754644,0.062887,0.75,0.0629,0.0014,83255,95.8383
0_IMG_20260419_155918532_HDR.jpg,erva_daninha,100486,0.008374,1.1469,0.0222,0.0139,9537,30.0856
90_IMG_20260419_155918532_HDR.jpg,erva_daninha,100486,0.008374,0.8719,0.0222,0.0139,9537,30.0856
180_IMG_20260419_155918532_HDR.jpg,erva_daninha,100486,0.008374,1.1469,0.0222,0.0139,9537,30.0856
270_IMG_20260419_155918532_HDR.jpg,erva_daninha,100486,0.008374,0.8719,0.0222,0.0139,9537,30.0856
0_IMG_20260419_160132780_HDR.jpg,erva_daninha,128832,0.010736,1.5195,0.0346,0.0081,14174,39.4894
90_IMG_20260419_160132780_HDR.jpg,erva_daninha,128832,0.010736,0.6581,0.0346,0.0081,14174,39.4894
180_IMG_20260419_160132780_HDR.jpg,erva_daninha,128832,0.010736,1.5195,0.0346,0.0081,14174,39.4894
270_IMG_20260419_160132780_HDR.jpg,erva_daninha,128832,0.010736,0.6581,0.0346,0.0081,14174,39.4894
0_coleta_20260420_161544_erva_daninha_20260420_161118.jpg,erva_daninha,7453019,0.621085,1.3333,0.6211,0.0002,638497,233.8798
90_coleta_20260420_161544_erva_daninha_20260420_161118.jpg,erva_daninha,7453019,0.621085,0.75,0.6211,0.0002,638497,233.8798
180_coleta_20260420_161544_erva_daninha_20260420_161118.jpg,erva_daninha,7453019,0.621085,1.3333,0.6211,0.0002,638497,233.8798
270_coleta_20260420_161544_erva_daninha_20260420_161118.jpg,erva_daninha,7453019,0.621085,0.75,0.6211,0.0002,638497,233.8798
0_IMG_20260419_155948980_HDR.jpg,erva_daninha,73357,0.006113,1.2364,0.0216,0.0078,10906,40.2666
90_IMG_20260419_155948980_HDR.jpg,erva_daninha,73357,0.006113,0.8088,0.0216,0.0078,10906,40.2666
180_IMG_20260419_155948980_HDR.jpg,erva_daninha,73357,0.006113,1.2364,0.0216,0.0078,10906,40.2666
270_IMG_20260419_155948980_HDR.jpg,erva_daninha,73357,0.006113,0.8088,0.0216,0.0078,10906,40.2666
0_coleta_20260420_161521_erva_daninha_20260420_161147.jpg,erva_daninha,6291856,0.524321,1.3333,0.5243,0.0001,726519,289.6394
90_coleta_20260420_161521_erva_daninha_20260420_161147.jpg,erva_daninha,6291856,0.524321,0.75,0.5243,0.0001,726519,289.6394
180_coleta_20260420_161521_erva_daninha_20260420_161147.jpg,erva_daninha,6291856,0.524321,1.3333,0.5243,0.0001,726519,289.6394
270_coleta_20260420_161521_erva_daninha_20260420_161147.jpg,erva_daninha,6291856,0.524321,0.75,0.5243,0.0001,726519,289.6394
0_coleta_20260420_161622_erva_daninha_20260420_161024.jpg,erva_daninha,87213,0.007268,0.9213,0.0112,0.0184,7715,26.1243
90_coleta_20260420_161622_erva_daninha_20260420_161024.jpg,erva_daninha,87213,0.007268,1.0854,0.0112,0.0184,7715,26.1243
180_coleta_20260420_161622_erva_daninha_20260420_161024.jpg,erva_daninha,87213,0.007268,0.9213,0.0112,0.0184,7715,26.1243
270_coleta_20260420_161622_erva_daninha_20260420_161024.jpg,erva_daninha,87213,0.007268,1.0854,0.0112,0.0184,7715,26.1243
0_IMG_20260419_155843956_HDR.jpg,erva_daninha,143094,0.011924,0.5363,0.0296,0.0068,16278,43.0319
90_IMG_20260419_155843956_HDR.jpg,erva_daninha,143094,0.011924,1.8645,0.0296,0.0068,16278,43.0319
180_IMG_20260419_155843956_HDR.jpg,erva_daninha,143094,0.011924,0.5363,0.0296,0.0068,16278,43.0319
270_IMG_20260419_155843956_HDR.jpg,erva_daninha,143094,0.011924,1.8645,0.0296,0.0068,16278,43.0319
0_coleta_20260420_161508_erva_daninha_20260420_161150.jpg,erva_daninha,6307338,0.525612,1.3333,0.5256,0.0001,761288,303.1279
90_coleta_20260420_161508_erva_daninha_20260420_161150.jpg,erva_daninha,6307338,0.525612,0.75,0.5256,0.0001,761288,303.1279
180_coleta_20260420_161508_erva_daninha_20260420_161150.jpg,erva_daninha,6307338,0.525612,1.3333,0.5256,0.0001,761288,303.1279
270_coleta_20260420_161508_erva_daninha_20260420_161150.jpg,erva_daninha,6307338,0.525612,0.75,0.5256,0.0001,761288,303.1279
0_coleta_20260420_161702_erva_daninha_20260420_160857.jpg,erva_daninha,1793670,0.149473,1.3333,0.1495,0.0003,278045,207.6079
90_coleta_20260420_161702_erva_daninha_20260420_160857.jpg,erva_daninha,1793670,0.149473,0.75,0.1495,0.0003,278045,207.6079
180_coleta_20260420_161702_erva_daninha_20260420_160857.jpg,erva_daninha,1793670,0.149473,1.3333,0.1495,0.0003,278045,207.6079
270_coleta_20260420_161702_erva_daninha_20260420_160857.jpg,erva_daninha,1793670,0.149473,0.75,0.1495,0.0003,278045,207.6079
0_IMG_20260419_160205485_HDR.jpg,erva_daninha,123144,0.010262,1.2211,0.0263,0.0083,13658,38.9207
90_IMG_20260419_160205485_HDR.jpg,erva_daninha,123144,0.010262,0.8189,0.0263,0.0083,13658,38.9207
180_IMG_20260419_160205485_HDR.jpg,erva_daninha,123144,0.010262,1.2211,0.0263,0.0083,13658,38.9207
270_IMG_20260419_160205485_HDR.jpg,erva_daninha,123144,0.010262,0.8189,0.0263,0.0083,13658,38.9207
0_coleta_20260420_161639_erva_daninha_20260420_160937.jpg,erva_daninha,1586671,0.132223,1.3333,0.1322,0.0023,92407,73.3604
90_coleta_20260420_161639_erva_daninha_20260420_160937.jpg,erva_daninha,1586671,0.132223,0.75,0.1322,0.0023,92407,73.3604
180_coleta_20260420_161639_erva_daninha_20260420_160937.jpg,erva_daninha,1586671,0.132223,1.3333,0.1322,0.0023,92407,73.3604
270_coleta_20260420_161639_erva_daninha_20260420_160937.jpg,erva_daninha,1586671,0.132223,0.75,0.1322,0.0023,92407,73.3604
0_coleta_20260420_161958_erva_daninha_20260420_160027.jpg,erva_daninha,3197012,0.266418,1.3333,0.2664,0.0008,221250,123.7403
90_coleta_20260420_161958_erva_daninha_20260420_160027.jpg,erva_daninha,3197012,0.266418,0.75,0.2664,0.0008,221250,123.7403
180_coleta_20260420_161958_erva_daninha_20260420_160027.jpg,erva_daninha,3197012,0.266418,1.3333,0.2664,0.0008,221250,123.7403
270_coleta_20260420_161958_erva_daninha_20260420_160027.jpg,erva_daninha,3197012,0.266418,0.75,0.2664,0.0008,221250,123.7403
0_coleta_20260420_162104_erva_daninha_20260420_155819.jpg,erva_daninha,539892,0.044991,0.881,0.0681,0.0043,39686,54.0112
90_coleta_20260420_162104_erva_daninha_20260420_155819.jpg,erva_daninha,539892,0.044991,1.1351,0.0681,0.0043,39686,54.0112
180_coleta_20260420_162104_erva_daninha_20260420_155819.jpg,erva_daninha,539892,0.044991,0.881,0.0681,0.0043,39686,54.0112
270_coleta_20260420_162104_erva_daninha_20260420_155819.jpg,erva_daninha,539892,0.044991,1.1351,0.0681,0.0043,39686,54.0112
0_coleta_20260420_161536_erva_daninha_20260420_161142.jpg,erva_daninha,6875248,0.572937,1.3333,0.5729,0.0001,762315,290.7303
90_coleta_20260420_161536_erva_daninha_20260420_161142.jpg,erva_daninha,6875248,0.572937,0.75,0.5729,0.0001,762315,290.7303
180_coleta_20260420_161536_erva_daninha_20260420_161142.jpg,erva_daninha,6875248,0.572937,1.3333,0.5729,0.0001,762315,290.7303
270_coleta_20260420_161536_erva_daninha_20260420_161142.jpg,erva_daninha,6875248,0.572937,0.75,0.5729,0.0001,762315,290.7303
0_coleta_20260420_161643_erva_daninha_20260420_160935.jpg,erva_daninha,493637,0.041136,1.3532,0.0417,0.0107,24094,34.293
90_coleta_20260420_161643_erva_daninha_20260420_160935.jpg,erva_daninha,493637,0.041136,0.739,0.0417,0.0107,24094,34.293
180_coleta_20260420_161643_erva_daninha_20260420_160935.jpg,erva_daninha,493637,0.041136,1.3532,0.0417,0.0107,24094,34.293
270_coleta_20260420_161643_erva_daninha_20260420_160935.jpg,erva_daninha,493637,0.041136,0.739,0.0417,0.0107,24094,34.293
0_coleta_20260420_161512_erva_daninha_20260420_161151.jpg,erva_daninha,6159508,0.513292,1.3333,0.5133,0.0001,796432,320.9044
90_coleta_20260420_161512_erva_daninha_20260420_161151.jpg,erva_daninha,6159508,0.513292,0.75,0.5133,0.0001,796432,320.9044
180_coleta_20260420_161512_erva_daninha_20260420_161151.jpg,erva_daninha,6159508,0.513292,1.3333,0.5133,0.0001,796432,320.9044
270_coleta_20260420_161512_erva_daninha_20260420_161151.jpg,erva_daninha,6159508,0.513292,0.75,0.5133,0.0001,796432,320.9044
0_coleta_20260420_161518_erva_daninha_20260420_161148.jpg,erva_daninha,6036779,0.503065,1.3333,0.5031,0.0001,812819,330.8196
90_coleta_20260420_161518_erva_daninha_20260420_161148.jpg,erva_daninha,6036779,0.503065,0.75,0.5031,0.0001,812819,330.8196
180_coleta_20260420_161518_erva_daninha_20260420_161148.jpg,erva_daninha,6036779,0.503065,1.3333,0.5031,0.0001,812819,330.8196
270_coleta_20260420_161518_erva_daninha_20260420_161148.jpg,erva_daninha,6036779,0.503065,0.75,0.5031,0.0001,812819,330.8196
0_IMG_20260419_160045479_HDR.jpg,erva_daninha,66065,0.005505,1.1165,0.0112,0.0065,11341,44.1231
90_IMG_20260419_160045479_HDR.jpg,erva_daninha,66065,0.005505,0.8956,0.0112,0.0065,11341,44.1231
180_IMG_20260419_160045479_HDR.jpg,erva_daninha,66065,0.005505,1.1165,0.0112,0.0065,11341,44.1231
270_IMG_20260419_160045479_HDR.jpg,erva_daninha,66065,0.005505,0.8956,0.0112,0.0065,11341,44.1231
0_IMG_20260419_160015062_HDR.jpg,erva_daninha,70508,0.005876,0.9815,0.0146,0.0106,9136,34.4062
90_IMG_20260419_160015062_HDR.jpg,erva_daninha,70508,0.005876,1.0188,0.0146,0.0106,9136,34.4062
180_IMG_20260419_160015062_HDR.jpg,erva_daninha,70508,0.005876,0.9815,0.0146,0.0106,9136,34.4062
270_IMG_20260419_160015062_HDR.jpg,erva_daninha,70508,0.005876,1.0188,0.0146,0.0106,9136,34.4062
0_coleta_20260420_162119_erva_daninha_20260420_155807.jpg,erva_daninha,3231489,0.269291,1.3333,0.2693,0.0002,434348,241.622
90_coleta_20260420_162119_erva_daninha_20260420_155807.jpg,erva_daninha,3231489,0.269291,0.75,0.2693,0.0002,434348,241.622
180_coleta_20260420_162119_erva_daninha_20260420_155807.jpg,erva_daninha,3231489,0.269291,1.3333,0.2693,0.0002,434348,241.622
270_coleta_20260420_162119_erva_daninha_20260420_155807.jpg,erva_daninha,3231489,0.269291,0.75,0.2693,0.0002,434348,241.622
0_coleta_20260420_161726_erva_daninha_20260420_160814.jpg,erva_daninha,763945,0.063662,1.3333,0.0637,0.0018,72583,83.0432
90_coleta_20260420_161726_erva_daninha_20260420_160814.jpg,erva_daninha,763945,0.063662,0.75,0.0637,0.0018,72583,83.0432
180_coleta_20260420_161726_erva_daninha_20260420_160814.jpg,erva_daninha,763945,0.063662,1.3333,0.0637,0.0018,72583,83.0432
270_coleta_20260420_161726_erva_daninha_20260420_160814.jpg,erva_daninha,763945,0.063662,0.75,0.0637,0.0018,72583,83.0432
0_coleta_20260420_161733_erva_daninha_20260420_160800.jpg,erva_daninha,853536,0.071128,1.3333,0.0711,0.0013,91917,99.4913
90_coleta_20260420_161733_erva_daninha_20260420_160800.jpg,erva_daninha,853536,0.071128,0.75,0.0711,0.0013,91917,99.4913
180_coleta_20260420_161733_erva_daninha_20260420_160800.jpg,erva_daninha,853536,0.071128,1.3333,0.0711,0.0013,91917,99.4913
270_coleta_20260420_161733_erva_daninha_20260420_160800.jpg,erva_daninha,853536,0.071128,0.75,0.0711,0.0013,91917,99.4913
0_coleta_20260420_161736_erva_daninha_20260420_160747.jpg,erva_daninha,479550,0.039962,1.3333,0.04,0.0009,82039,118.4686
90_coleta_20260420_161736_erva_daninha_20260420_160747.jpg,erva_daninha,479550,0.039962,0.75,0.04,0.0009,82039,118.4686
180_coleta_20260420_161736_erva_daninha_20260420_160747.jpg,erva_daninha,479550,0.039962,1.3333,0.04,0.0009,82039,118.4686
270_coleta_20260420_161736_erva_daninha_20260420_160747.jpg,erva_daninha,479550,0.039962,0.75,0.04,0.0009,82039,118.4686
0_IMG_20260419_155926645_HDR.jpg,erva_daninha,79068,0.006589,1.6492,0.0487,0.0093,10360,36.8434
90_IMG_20260419_155926645_HDR.jpg,erva_daninha,79068,0.006589,0.6064,0.0487,0.0093,10360,36.8434
180_IMG_20260419_155926645_HDR.jpg,erva_daninha,79068,0.006589,1.6492,0.0487,0.0093,10360,36.8434
270_IMG_20260419_155926645_HDR.jpg,erva_daninha,79068,0.006589,0.6064,0.0487,0.0093,10360,36.8434
0_coleta_20260420_162115_erva_daninha_20260420_155811.jpg,erva_daninha,3739830,0.311652,1.3333,0.3117,0.0003,375150,193.9899
90_coleta_20260420_162115_erva_daninha_20260420_155811.jpg,erva_daninha,3739830,0.311652,0.75,0.3117,0.0003,375150,193.9899
180_coleta_20260420_162115_erva_daninha_20260420_155811.jpg,erva_daninha,3739830,0.311652,1.3333,0.3117,0.0003,375150,193.9899
270_coleta_20260420_162115_erva_daninha_20260420_155811.jpg,erva_daninha,3739830,0.311652,0.75,0.3117,0.0003,375150,193.9899
0_IMG_20260419_155907011_HDR.jpg,erva_daninha,87517,0.007293,1.425,0.0271,0.0141,8818,29.8074
90_IMG_20260419_155907011_HDR.jpg,erva_daninha,87517,0.007293,0.7018,0.0271,0.0141,8818,29.8074
180_IMG_20260419_155907011_HDR.jpg,erva_daninha,87517,0.007293,1.425,0.0271,0.0141,8818,29.8074
270_IMG_20260419_155907011_HDR.jpg,erva_daninha,87517,0.007293,0.7018,0.0271,0.0141,8818,29.8074
0_IMG_20260419_160007532_HDR.jpg,erva_daninha,78075,0.006506,1.8933,0.031,0.0146,8200,29.3466
90_IMG_20260419_160007532_HDR.jpg,erva_daninha,78075,0.006506,0.5282,0.031,0.0146,8200,29.3466
180_IMG_20260419_160007532_HDR.jpg,erva_daninha,78075,0.006506,1.8933,0.031,0.0146,8200,29.3466
270_IMG_20260419_160007532_HDR.jpg,erva_daninha,78075,0.006506,0.5282,0.031,0.0146,8200,29.3466
0_coleta_20260420_161530_erva_daninha_20260420_161144.jpg,erva_daninha,7232591,0.602716,1.3333,0.6027,0.0002,683125,254.0114
90_coleta_20260420_161530_erva_daninha_20260420_161144.jpg,erva_daninha,7232591,0.602716,0.75,0.6027,0.0002,683125,254.0114
180_coleta_20260420_161530_erva_daninha_20260420_161144.jpg,erva_daninha,7232591,0.602716,1.3333,0.6027,0.0002,683125,254.0114
270_coleta_20260420_161530_erva_daninha_20260420_161144.jpg,erva_daninha,7232591,0.602716,0.75,0.6027,0.0002,683125,254.0114
0_coleta_20260420_161552_erva_daninha_20260420_161104.jpg,erva_daninha,7701395,0.641783,1.3333,0.6418,0.0003,547680,197.3523
90_coleta_20260420_161552_erva_daninha_20260420_161104.jpg,erva_daninha,7701395,0.641783,0.75,0.6418,0.0003,547680,197.3523
180_coleta_20260420_161552_erva_daninha_20260420_161104.jpg,erva_daninha,7701395,0.641783,1.3333,0.6418,0.0003,547680,197.3523
270_coleta_20260420_161552_erva_daninha_20260420_161104.jpg,erva_daninha,7701395,0.641783,0.75,0.6418,0.0003,547680,197.3523
0_coleta_20260420_161454_erva_daninha_20260420_161247.jpg,erva_daninha,501927,0.041827,1.3396,0.0423,0.0073,29306,41.3653
90_coleta_20260420_161454_erva_daninha_20260420_161247.jpg,erva_daninha,501927,0.041827,0.7465,0.0423,0.0073,29306,41.3653
180_coleta_20260420_161454_erva_daninha_20260420_161247.jpg,erva_daninha,501927,0.041827,1.3396,0.0423,0.0073,29306,41.3653
270_coleta_20260420_161454_erva_daninha_20260420_161247.jpg,erva_daninha,501927,0.041827,0.7465,0.0423,0.0073,29306,41.3653
0_IMG_20260419_155840802_HDR.jpg,erva_daninha,116096,0.009675,1.4755,0.0239,0.006,15644,45.9134
90_IMG_20260419_155840802_HDR.jpg,erva_daninha,116096,0.009675,0.6777,0.0239,0.006,15644,45.9134
180_IMG_20260419_155840802_HDR.jpg,erva_daninha,116096,0.009675,1.4755,0.0239,0.006,15644,45.9134
270_IMG_20260419_155840802_HDR.jpg,erva_daninha,116096,0.009675,0.6777,0.0239,0.006,15644,45.9134
0_coleta_20260420_161500_erva_daninha_20260420_161226.jpg,erva_daninha,213520,0.017793,1.0815,0.0429,0.0071,19427,42.0423
90_coleta_20260420_161500_erva_daninha_20260420_161226.jpg,erva_daninha,213520,0.017793,0.9246,0.0429,0.0071,19427,42.0423
180_coleta_20260420_161500_erva_daninha_20260420_161226.jpg,erva_daninha,213520,0.017793,1.0815,0.0429,0.0071,19427,42.0423
270_coleta_20260420_161500_erva_daninha_20260420_161226.jpg,erva_daninha,213520,0.017793,0.9246,0.0429,0.0071,19427,42.0423
0_coleta_20260420_161528_erva_daninha_20260420_161145.jpg,erva_daninha,7021107,0.585092,1.3333,0.5851,0.0002,711756,268.6138
90_coleta_20260420_161528_erva_daninha_20260420_161145.jpg,erva_daninha,7021107,0.585092,0.75,0.5851,0.0002,711756,268.6138
180_coleta_20260420_161528_erva_daninha_20260420_161145.jpg,erva_daninha,7021107,0.585092,1.3333,0.5851,0.0002,711756,268.6138
270_coleta_20260420_161528_erva_daninha_20260420_161145.jpg,erva_daninha,7021107,0.585092,0.75,0.5851,0.0002,711756,268.6138
0_coleta_20260420_161602_erva_daninha_20260420_161042.jpg,erva_daninha,162533,0.013544,0.7076,0.0305,0.0196,10218,25.3452
90_coleta_20260420_161602_erva_daninha_20260420_161042.jpg,erva_daninha,162533,0.013544,1.4132,0.0305,0.0196,10218,25.3452
180_coleta_20260420_161602_erva_daninha_20260420_161042.jpg,erva_daninha,162533,0.013544,0.7076,0.0305,0.0196,10218,25.3452
270_coleta_20260420_161602_erva_daninha_20260420_161042.jpg,erva_daninha,162533,0.013544,1.4132,0.0305,0.0196,10218,25.3452
0_coleta_20260420_161613_erva_daninha_20260420_161031.jpg,erva_daninha,354477,0.02954,1.0018,0.0713,0.0062,26887,45.1594
90_coleta_20260420_161613_erva_daninha_20260420_161031.jpg,erva_daninha,354477,0.02954,0.9982,0.0713,0.0062,26887,45.1594
180_coleta_20260420_161613_erva_daninha_20260420_161031.jpg,erva_daninha,354477,0.02954,1.0018,0.0713,0.0062,26887,45.1594
270_coleta_20260420_161613_erva_daninha_20260420_161031.jpg,erva_daninha,354477,0.02954,0.9982,0.0713,0.0062,26887,45.1594
0_coleta_20260420_161739_erva_daninha_20260420_160744.jpg,erva_daninha,1081830,0.090152,1.3333,0.0902,0.0009,126369,121.4957
90_coleta_20260420_161739_erva_daninha_20260420_160744.jpg,erva_daninha,1081830,0.090152,0.75,0.0902,0.0009,126369,121.4957
180_coleta_20260420_161739_erva_daninha_20260420_160744.jpg,erva_daninha,1081830,0.090152,1.3333,0.0902,0.0009,126369,121.4957
270_coleta_20260420_161739_erva_daninha_20260420_160744.jpg,erva_daninha,1081830,0.090152,0.75,0.0902,0.0009,126369,121.4957
0_IMG_20260419_160211104_HDR.jpg,erva_daninha,188984,0.015749,1.5066,0.0383,0.0082,17054,39.2296
90_IMG_20260419_160211104_HDR.jpg,erva_daninha,188984,0.015749,0.6637,0.0383,0.0082,17054,39.2296
180_IMG_20260419_160211104_HDR.jpg,erva_daninha,188984,0.015749,1.5066,0.0383,0.0082,17054,39.2296
270_IMG_20260419_160211104_HDR.jpg,erva_daninha,188984,0.015749,0.6637,0.0383,0.0082,17054,39.2296
0_coleta_20260420_161515_erva_daninha_20260420_161149.jpg,erva_daninha,6154133,0.512844,1.3333,0.5128,0.0001,768290,309.7004
90_coleta_20260420_161515_erva_daninha_20260420_161149.jpg,erva_daninha,6154133,0.512844,0.75,0.5128,0.0001,768290,309.7004
180_coleta_20260420_161515_erva_daninha_20260420_161149.jpg,erva_daninha,6154133,0.512844,1.3333,0.5128,0.0001,768290,309.7004
270_coleta_20260420_161515_erva_daninha_20260420_161149.jpg,erva_daninha,6154133,0.512844,0.75,0.5128,0.0001,768290,309.7004
0_IMG_20260419_155959189_HDR.jpg,erva_daninha,5567375,0.463948,1.3333,0.4639,0.0,2005632,850.0139
90_IMG_20260419_155959189_HDR.jpg,erva_daninha,5567375,0.463948,0.75,0.4639,0.0,2005632,850.0139
180_IMG_20260419_155959189_HDR.jpg,erva_daninha,5567375,0.463948,1.3333,0.4639,0.0,2005632,850.0139
270_IMG_20260419_155959189_HDR.jpg,erva_daninha,5567375,0.463948,0.75,0.4639,0.0,2005632,850.0139
0_coleta_20260420_161559_erva_daninha_20260420_161049.jpg,erva_daninha,79360,0.006613,1.5672,0.0218,0.0429,4819,17.1063
90_coleta_20260420_161559_erva_daninha_20260420_161049.jpg,erva_daninha,79360,0.006613,0.6381,0.0218,0.0429,4819,17.1063
180_coleta_20260420_161559_erva_daninha_20260420_161049.jpg,erva_daninha,79360,0.006613,1.5672,0.0218,0.0429,4819,17.1063
270_coleta_20260420_161559_erva_daninha_20260420_161049.jpg,erva_daninha,79360,0.006613,0.6381,0.0218,0.0429,4819,17.1063
0_coleta_20260420_161629_erva_daninha_20260420_161020.jpg,erva_daninha,194589,0.016216,1.1787,0.0356,0.0214,10696,24.2472
90_coleta_20260420_161629_erva_daninha_20260420_161020.jpg,erva_daninha,194589,0.016216,0.8484,0.0356,0.0214,10696,24.2472
180_coleta_20260420_161629_erva_daninha_20260420_161020.jpg,erva_daninha,194589,0.016216,1.1787,0.0356,0.0214,10696,24.2472
270_coleta_20260420_161629_erva_daninha_20260420_161020.jpg,erva_daninha,194589,0.016216,0.8484,0.0356,0.0214,10696,24.2472
0_coleta_20260420_161505_erva_daninha_20260420_161152.jpg,erva_daninha,6301365,0.525114,1.3333,0.5251,0.0002,626243,249.4742
90_coleta_20260420_161505_erva_daninha_20260420_161152.jpg,erva_daninha,6301365,0.525114,0.75,0.5251,0.0002,626243,249.4742
180_coleta_20260420_161505_erva_daninha_20260420_161152.jpg,erva_daninha,6301365,0.525114,1.3333,0.5251,0.0002,626243,249.4742
270_coleta_20260420_161505_erva_daninha_20260420_161152.jpg,erva_daninha,6301365,0.525114,0.75,0.5251,0.0002,626243,249.4742
0_IMG_20260419_155847135_HDR.jpg,erva_daninha,135259,0.011272,1.0752,0.0258,0.0057,17235,46.8628
90_IMG_20260419_155847135_HDR.jpg,erva_daninha,135259,0.011272,0.9301,0.0258,0.0057,17235,46.8628
180_IMG_20260419_155847135_HDR.jpg,erva_daninha,135259,0.011272,1.0752,0.0258,0.0057,17235,46.8628
270_IMG_20260419_155847135_HDR.jpg,erva_daninha,135259,0.011272,0.9301,0.0258,0.0057,17235,46.8628
0_coleta_20260420_161458_erva_daninha_20260420_161233.jpg,erva_daninha,122814,0.010235,0.8542,0.0182,0.0041,19501,55.6459
90_coleta_20260420_161458_erva_daninha_20260420_161233.jpg,erva_daninha,122814,0.010235,1.1707,0.0182,0.0041,19501,55.6459
180_coleta_20260420_161458_erva_daninha_20260420_161233.jpg,erva_daninha,122814,0.010235,0.8542,0.0182,0.0041,19501,55.6459
270_coleta_20260420_161458_erva_daninha_20260420_161233.jpg,erva_daninha,122814,0.010235,1.1707,0.0182,0.0041,19501,55.6459
0_coleta_20260420_161711_erva_daninha_20260420_160842.jpg,erva_daninha,1457042,0.12142,1.3333,0.1214,0.0016,105490,87.3927
90_coleta_20260420_161711_erva_daninha_20260420_160842.jpg,erva_daninha,1457042,0.12142,0.75,0.1214,0.0016,105490,87.3927
180_coleta_20260420_161711_erva_daninha_20260420_160842.jpg,erva_daninha,1457042,0.12142,1.3333,0.1214,0.0016,105490,87.3927
270_coleta_20260420_161711_erva_daninha_20260420_160842.jpg,erva_daninha,1457042,0.12142,0.75,0.1214,0.0016,105490,87.3927
0_coleta_20260420_161451_erva_daninha_20260420_161251.jpg,erva_daninha,409896,0.034158,1.3333,0.0342,0.0066,27882,43.5499
90_coleta_20260420_161451_erva_daninha_20260420_161251.jpg,erva_daninha,409896,0.034158,0.75,0.0342,0.0066,27882,43.5499
180_coleta_20260420_161451_erva_daninha_20260420_161251.jpg,erva_daninha,409896,0.034158,1.3333,0.0342,0.0066,27882,43.5499
270_coleta_20260420_161451_erva_daninha_20260420_161251.jpg,erva_daninha,409896,0.034158,0.75,0.0342,0.0066,27882,43.5499
0_coleta_20260420_155611_erva_daninha_20260420_154530.jpg,erva_daninha,240795,0.020066,1.7399,0.0276,0.0173,13239,26.9793
90_coleta_20260420_155611_erva_daninha_20260420_154530.jpg,erva_daninha,240795,0.020066,0.5747,0.0276,0.0173,13239,26.9793
180_coleta_20260420_155611_erva_daninha_20260420_154530.jpg,erva_daninha,240795,0.020066,1.7399,0.0276,0.0173,13239,26.9793
270_coleta_20260420_155611_erva_daninha_20260420_154530.jpg,erva_daninha,240795,0.020066,0.5747,0.0276,0.0173,13239,26.9793
0_IMG_20260419_160022582_HDR.jpg,erva_daninha,159473,0.013289,0.7815,0.0229,0.0062,17945,44.9366
90_IMG_20260419_160022582_HDR.jpg,erva_daninha,159473,0.013289,1.2797,0.0229,0.0062,17945,44.9366
180_IMG_20260419_160022582_HDR.jpg,erva_daninha,159473,0.013289,0.7815,0.0229,0.0062,17945,44.9366
270_IMG_20260419_160022582_HDR.jpg,erva_daninha,159473,0.013289,1.2797,0.0229,0.0062,17945,44.9366
0_IMG_20260419_160053369_HDR.jpg,erva_daninha,253222,0.021102,0.7848,0.036,0.0042,27589,54.8258
90_IMG_20260419_160053369_HDR.jpg,erva_daninha,253222,0.021102,1.2743,0.036,0.0042,27589,54.8258
180_IMG_20260419_160053369_HDR.jpg,erva_daninha,253222,0.021102,0.7848,0.036,0.0042,27589,54.8258
270_IMG_20260419_160053369_HDR.jpg,erva_daninha,253222,0.021102,1.2743,0.036,0.0042,27589,54.8258
0_IMG_20260419_155942275_HDR.jpg,erva_daninha,104727,0.008727,0.9731,0.0128,0.0062,14520,44.8681
90_IMG_20260419_155942275_HDR.jpg,erva_daninha,104727,0.008727,1.0277,0.0128,0.0062,14520,44.8681
180_IMG_20260419_155942275_HDR.jpg,erva_daninha,104727,0.008727,0.9731,0.0128,0.0062,14520,44.8681
270_IMG_20260419_155942275_HDR.jpg,erva_daninha,104727,0.008727,1.0277,0.0128,0.0062,14520,44.8681
0_IMG_20260419_160232297_HDR.jpg,erva_daninha,396113,0.033009,0.988,0.0445,0.0018,52439,83.3192
90_IMG_20260419_160232297_HDR.jpg,erva_daninha,396113,0.033009,1.0121,0.0445,0.0018,52439,83.3192
180_IMG_20260419_160232297_HDR.jpg,erva_daninha,396113,0.033009,0.988,0.0445,0.0018,52439,83.3192
270_IMG_20260419_160232297_HDR.jpg,erva_daninha,396113,0.033009,1.0121,0.0445,0.0018,52439,83.3192
0_coleta_20260420_161625_erva_daninha_20260420_161022.jpg,erva_daninha,103546,0.008629,0.9627,0.0173,0.0197,8128,25.2591
90_coleta_20260420_161625_erva_daninha_20260420_161022.jpg,erva_daninha,103546,0.008629,1.0387,0.0173,0.0197,8128,25.2591
180_coleta_20260420_161625_erva_daninha_20260420_161022.jpg,erva_daninha,103546,0.008629,0.9627,0.0173,0.0197,8128,25.2591
270_coleta_20260420_161625_erva_daninha_20260420_161022.jpg,erva_daninha,103546,0.008629,1.0387,0.0173,0.0197,8128,25.2591
0_coleta_20260420_161729_erva_daninha_20260420_160808.jpg,erva_daninha,791733,0.065978,1.3333,0.066,0.0012,89466,100.5469
90_coleta_20260420_161729_erva_daninha_20260420_160808.jpg,erva_daninha,791733,0.065978,0.75,0.066,0.0012,89466,100.5469
180_coleta_20260420_161729_erva_daninha_20260420_160808.jpg,erva_daninha,791733,0.065978,1.3333,0.066,0.0012,89466,100.5469
270_coleta_20260420_161729_erva_daninha_20260420_160808.jpg,erva_daninha,791733,0.065978,0.75,0.066,0.0012,89466,100.5469
0_IMG_20260419_160029946_HDR.jpg,erva_daninha,167414,0.013951,1.0107,0.0281,0.0036,24191,59.1232
90_IMG_20260419_160029946_HDR.jpg,erva_daninha,167414,0.013951,0.9894,0.0281,0.0036,24191,59.1232
180_IMG_20260419_160029946_HDR.jpg,erva_daninha,167414,0.013951,1.0107,0.0281,0.0036,24191,59.1232
270_IMG_20260419_160029946_HDR.jpg,erva_daninha,167414,0.013951,0.9894,0.0281,0.0036,24191,59.1232
0_coleta_20260420_161632_erva_daninha_20260420_161012.jpg,erva_daninha,194423,0.016202,1.4391,0.0182,0.0095,16021,36.3342
90_coleta_20260420_161632_erva_daninha_20260420_161012.jpg,erva_daninha,194423,0.016202,0.6949,0.0182,0.0095,16021,36.3342
180_coleta_20260420_161632_erva_daninha_20260420_161012.jpg,erva_daninha,194423,0.016202,1.4391,0.0182,0.0095,16021,36.3342
270_coleta_20260420_161632_erva_daninha_20260420_161012.jpg,erva_daninha,194423,0.016202,0.6949,0.0182,0.0095,16021,36.3342
0_coleta_20260420_161716_erva_daninha_20260420_160832.jpg,erva_daninha,359758,0.02998,1.3333,0.03,0.003,38890,64.8385
90_coleta_20260420_161716_erva_daninha_20260420_160832.jpg,erva_daninha,359758,0.02998,0.75,0.03,0.003,38890,64.8385
180_coleta_20260420_161716_erva_daninha_20260420_160832.jpg,erva_daninha,359758,0.02998,1.3333,0.03,0.003,38890,64.8385
270_coleta_20260420_161716_erva_daninha_20260420_160832.jpg,erva_daninha,359758,0.02998,0.75,0.03,0.003,38890,64.8385
0_coleta_20260420_162045_erva_daninha_20260420_155853.jpg,erva_daninha,2794381,0.232865,1.3333,0.2329,0.0007,220885,132.1367
90_coleta_20260420_162045_erva_daninha_20260420_155853.jpg,erva_daninha,2794381,0.232865,0.75,0.2329,0.0007,220885,132.1367
180_coleta_20260420_162045_erva_daninha_20260420_155853.jpg,erva_daninha,2794381,0.232865,1.3333,0.2329,0.0007,220885,132.1367
270_coleta_20260420_162045_erva_daninha_20260420_155853.jpg,erva_daninha,2794381,0.232865,0.75,0.2329,0.0007,220885,132.1367
0_coleta_20260420_161556_erva_daninha_20260420_161102.jpg,erva_daninha,7618447,0.634871,1.3333,0.6349,0.0003,570529,206.7019
90_coleta_20260420_161556_erva_daninha_20260420_161102.jpg,erva_daninha,7618447,0.634871,0.75,0.6349,0.0003,570529,206.7019
180_coleta_20260420_161556_erva_daninha_20260420_161102.jpg,erva_daninha,7618447,0.634871,1.3333,0.6349,0.0003,570529,206.7019
270_coleta_20260420_161556_erva_daninha_20260420_161102.jpg,erva_daninha,7618447,0.634871,0.75,0.6349,0.0003,570529,206.7019
0_IMG_20260419_155859548_HDR.jpg,erva_daninha,137634,0.01147,1.0038,0.0546,0.0132,11464,30.9011
90_IMG_20260419_155859548_HDR.jpg,erva_daninha,137634,0.01147,0.9962,0.0546,0.0132,11464,30.9011
180_IMG_20260419_155859548_HDR.jpg,erva_daninha,137634,0.01147,1.0038,0.0546,0.0132,11464,30.9011
270_IMG_20260419_155859548_HDR.jpg,erva_daninha,137634,0.01147,0.9962,0.0546,0.0132,11464,30.9011
0_coleta_20260420_155620_erva_daninha_20260420_154515.jpg,erva_daninha,810892,0.067574,1.5193,0.0897,0.0099,32077,35.6215
90_coleta_20260420_155620_erva_daninha_20260420_154515.jpg,erva_daninha,810892,0.067574,0.6582,0.0897,0.0099,32077,35.6215
180_coleta_20260420_155620_erva_daninha_20260420_154515.jpg,erva_daninha,810892,0.067574,1.5193,0.0897,0.0099,32077,35.6215
270_coleta_20260420_155620_erva_daninha_20260420_154515.jpg,erva_daninha,810892,0.067574,0.6582,0.0897,0.0099,32077,35.6215
0_coleta_20260420_162050_erva_daninha_20260420_155848.jpg,erva_daninha,3393491,0.282791,1.3333,0.2828,0.0004,343445,186.4377
90_coleta_20260420_162050_erva_daninha_20260420_155848.jpg,erva_daninha,3393491,0.282791,0.75,0.2828,0.0004,343445,186.4377
180_coleta_20260420_162050_erva_daninha_20260420_155848.jpg,erva_daninha,3393491,0.282791,1.3333,0.2828,0.0004,343445,186.4377
270_coleta_20260420_162050_erva_daninha_20260420_155848.jpg,erva_daninha,3393491,0.282791,0.75,0.2828,0.0004,343445,186.4377
0_coleta_20260420_161532_erva_daninha_20260420_161143.jpg,erva_daninha,7091230,0.590936,1.3333,0.5909,0.0002,721727,271.0268
90_coleta_20260420_161532_erva_daninha_20260420_161143.jpg,erva_daninha,7091230,0.590936,0.75,0.5909,0.0002,721727,271.0268
180_coleta_20260420_161532_erva_daninha_20260420_161143.jpg,erva_daninha,7091230,0.590936,1.3333,0.5909,0.0002,721727,271.0268
270_coleta_20260420_161532_erva_daninha_20260420_161143.jpg,erva_daninha,7091230,0.590936,0.75,0.5909,0.0002,721727,271.0268
0_coleta_20260420_162109_erva_daninha_20260420_155816.jpg,erva_daninha,869258,0.072438,1.3333,0.0724,0.001,106631,114.3692
90_coleta_20260420_162109_erva_daninha_20260420_155816.jpg,erva_daninha,869258,0.072438,0.75,0.0724,0.001,106631,114.3692
180_coleta_20260420_162109_erva_daninha_20260420_155816.jpg,erva_daninha,869258,0.072438,1.3333,0.0724,0.001,106631,114.3692
270_coleta_20260420_162109_erva_daninha_20260420_155816.jpg,erva_daninha,869258,0.072438,0.75,0.0724,0.001,106631,114.3692
0_coleta_20260420_161742_erva_daninha_20260420_160740.jpg,erva_daninha,218758,0.01823,1.3624,0.0186,0.0035,27934,59.7243
90_coleta_20260420_161742_erva_daninha_20260420_160740.jpg,erva_daninha,218758,0.01823,0.734,0.0186,0.0035,27934,59.7243
180_coleta_20260420_161742_erva_daninha_20260420_160740.jpg,erva_daninha,218758,0.01823,1.3624,0.0186,0.0035,27934,59.7243
270_coleta_20260420_161742_erva_daninha_20260420_160740.jpg,erva_daninha,218758,0.01823,0.734,0.0186,0.0035,27934,59.7243
0_coleta_20260420_161722_erva_daninha_20260420_160822.jpg,erva_daninha,652251,0.054354,1.3333,0.0544,0.0009,97257,120.4241
90_coleta_20260420_161722_erva_daninha_20260420_160822.jpg,erva_daninha,652251,0.054354,0.75,0.0544,0.0009,97257,120.4241
180_coleta_20260420_161722_erva_daninha_20260420_160822.jpg,erva_daninha,652251,0.054354,1.3333,0.0544,0.0009,97257,120.4241
270_coleta_20260420_161722_erva_daninha_20260420_160822.jpg,erva_daninha,652251,0.054354,0.75,0.0544,0.0009,97257,120.4241
0_coleta_20260420_161539_erva_daninha_20260420_161120.jpg,erva_daninha,7784294,0.648691,1.3333,0.6487,0.0003,540557,193.7456
90_coleta_20260420_161539_erva_daninha_20260420_161120.jpg,erva_daninha,7784294,0.648691,0.75,0.6487,0.0003,540557,193.7456
180_coleta_20260420_161539_erva_daninha_20260420_161120.jpg,erva_daninha,7784294,0.648691,1.3333,0.6487,0.0003,540557,193.7456
270_coleta_20260420_161539_erva_daninha_20260420_161120.jpg,erva_daninha,7784294,0.648691,0.75,0.6487,0.0003,540557,193.7456
0_coleta_20260420_155623_erva_daninha_20260420_154511.jpg,erva_daninha,1275547,0.106296,1.7152,0.1675,0.0123,36164,32.0205
90_coleta_20260420_155623_erva_daninha_20260420_154511.jpg,erva_daninha,1275547,0.106296,0.583,0.1675,0.0123,36164,32.0205
180_coleta_20260420_155623_erva_daninha_20260420_154511.jpg,erva_daninha,1275547,0.106296,1.7152,0.1675,0.0123,36164,32.0205
270_coleta_20260420_155623_erva_daninha_20260420_154511.jpg,erva_daninha,1275547,0.106296,0.583,0.1675,0.0123,36164,32.0205
0_coleta_20260420_155614_erva_daninha_20260420_154527.jpg,erva_daninha,230603,0.019217,1.1024,0.0266,0.0164,13301,27.6982
90_coleta_20260420_155614_erva_daninha_20260420_154527.jpg,erva_daninha,230603,0.019217,0.9071,0.0266,0.0164,13301,27.6982
180_coleta_20260420_155614_erva_daninha_20260420_154527.jpg,erva_daninha,230603,0.019217,1.1024,0.0266,0.0164,13301,27.6982
270_coleta_20260420_155614_erva_daninha_20260420_154527.jpg,erva_daninha,230603,0.019217,0.9071,0.0266,0.0164,13301,27.6982
0_IMG_20260419_160036953_HDR.jpg,erva_daninha,123647,0.010304,0.8287,0.0215,0.0049,17812,50.6548
90_IMG_20260419_160036953_HDR.jpg,erva_daninha,123647,0.010304,1.2067,0.0215,0.0049,17812,50.6548
180_IMG_20260419_160036953_HDR.jpg,erva_daninha,123647,0.010304,0.8287,0.0215,0.0049,17812,50.6548
270_IMG_20260419_160036953_HDR.jpg,erva_daninha,123647,0.010304,1.2067,0.0215,0.0049,17812,50.6548
0_coleta_20260420_161708_erva_daninha_20260420_160845.jpg,erva_daninha,2601086,0.216757,1.3333,0.2168,0.0013,159057,98.6224
90_coleta_20260420_161708_erva_daninha_20260420_160845.jpg,erva_daninha,2601086,0.216757,0.75,0.2168,0.0013,159057,98.6224
180_coleta_20260420_161708_erva_daninha_20260420_160845.jpg,erva_daninha,2601086,0.216757,1.3333,0.2168,0.0013,159057,98.6224
270_coleta_20260420_161708_erva_daninha_20260420_160845.jpg,erva_daninha,2601086,0.216757,0.75,0.2168,0.0013,159057,98.6224
0_coleta_20260420_161647_erva_daninha_20260420_160930.jpg,erva_daninha,3117288,0.259774,1.3333,0.2598,0.0022,132845,75.2414
90_coleta_20260420_161647_erva_daninha_20260420_160930.jpg,erva_daninha,3117288,0.259774,0.75,0.2598,0.0022,132845,75.2414
180_coleta_20260420_161647_erva_daninha_20260420_160930.jpg,erva_daninha,3117288,0.259774,1.3333,0.2598,0.0022,132845,75.2414
270_coleta_20260420_161647_erva_daninha_20260420_160930.jpg,erva_daninha,3117288,0.259774,0.75,0.2598,0.0022,132845,75.2414
0_IMG_20260419_160143734_HDR.jpg,erva_daninha,113418,0.009451,0.8556,0.0376,0.0072,14092,41.8439
90_IMG_20260419_160143734_HDR.jpg,erva_daninha,113418,0.009451,1.1687,0.0376,0.0072,14092,41.8439
180_IMG_20260419_160143734_HDR.jpg,erva_daninha,113418,0.009451,0.8556,0.0376,0.0072,14092,41.8439
270_IMG_20260419_160143734_HDR.jpg,erva_daninha,113418,0.009451,1.1687,0.0376,0.0072,14092,41.8439
0_coleta_20260420_161550_erva_daninha_20260420_161107.jpg,erva_daninha,7701818,0.641818,1.3333,0.6418,0.0003,535915,193.1076
90_coleta_20260420_161550_erva_daninha_20260420_161107.jpg,erva_daninha,7701818,0.641818,0.75,0.6418,0.0003,535915,193.1076
180_coleta_20260420_161550_erva_daninha_20260420_161107.jpg,erva_daninha,7701818,0.641818,1.3333,0.6418,0.0003,535915,193.1076
270_coleta_20260420_161550_erva_daninha_20260420_161107.jpg,erva_daninha,7701818,0.641818,0.75,0.6418,0.0003,535915,193.1076
0_coleta_20260420_161719_erva_daninha_20260420_160829.jpg,erva_daninha,916459,0.076372,1.3333,0.0764,0.0014,90226,94.2487
90_coleta_20260420_161719_erva_daninha_20260420_160829.jpg,erva_daninha,916459,0.076372,0.75,0.0764,0.0014,90226,94.2487
180_coleta_20260420_161719_erva_daninha_20260420_160829.jpg,erva_daninha,916459,0.076372,1.3333,0.0764,0.0014,90226,94.2487
270_coleta_20260420_161719_erva_daninha_20260420_160829.jpg,erva_daninha,916459,0.076372,0.75,0.0764,0.0014,90226,94.2487
0_coleta_20260420_161606_erva_daninha_20260420_161039.jpg,erva_daninha,153994,0.012833,0.4629,0.0381,0.0475,6386,16.2734
90_coleta_20260420_161606_erva_daninha_20260420_161039.jpg,erva_daninha,153994,0.012833,2.1601,0.0381,0.0475,6386,16.2734
180_coleta_20260420_161606_erva_daninha_20260420_161039.jpg,erva_daninha,153994,0.012833,0.4629,0.0381,0.0475,6386,16.2734
270_coleta_20260420_161606_erva_daninha_20260420_161039.jpg,erva_daninha,153994,0.012833,2.1601,0.0381,0.0475,6386,16.2734
0_coleta_20260420_161525_erva_daninha_20260420_161146.jpg,erva_daninha,6600457,0.550038,1.3333,0.55,0.0002,725144,282.2521
90_coleta_20260420_161525_erva_daninha_20260420_161146.jpg,erva_daninha,6600457,0.550038,0.75,0.55,0.0002,725144,282.2521
180_coleta_20260420_161525_erva_daninha_20260420_161146.jpg,erva_daninha,6600457,0.550038,1.3333,0.55,0.0002,725144,282.2521
270_coleta_20260420_161525_erva_daninha_20260420_161146.jpg,erva_daninha,6600457,0.550038,0.75,0.55,0.0002,725144,282.2521
0_coleta_20260420_161655_erva_daninha_20260420_160903.jpg,erva_daninha,1192816,0.099401,1.3333,0.0994,0.001,124460,113.9575
90_coleta_20260420_161655_erva_daninha_20260420_160903.jpg,erva_daninha,1192816,0.099401,0.75,0.0994,0.001,124460,113.9575
180_coleta_20260420_161655_erva_daninha_20260420_160903.jpg,erva_daninha,1192816,0.099401,1.3333,0.0994,0.001,124460,113.9575
270_coleta_20260420_161655_erva_daninha_20260420_160903.jpg,erva_daninha,1192816,0.099401,0.75,0.0994,0.001,124460,113.9575
0_coleta_20260420_161955_erva_daninha_20260420_160029.jpg,erva_daninha,3094215,0.257851,1.3333,0.2579,0.0004,298051,169.4398
90_coleta_20260420_161955_erva_daninha_20260420_160029.jpg,erva_daninha,3094215,0.257851,0.75,0.2579,0.0004,298051,169.4398
180_coleta_20260420_161955_erva_daninha_20260420_160029.jpg,erva_daninha,3094215,0.257851,1.3333,0.2579,0.0004,298051,169.4398
270_coleta_20260420_161955_erva_daninha_20260420_160029.jpg,erva_daninha,3094215,0.257851,0.75,0.2579,0.0004,298051,169.4398
0_coleta_20260420_162048_erva_daninha_20260420_155851.jpg,erva_daninha,3019668,0.251639,1.3333,0.2516,0.0016,154468,88.8912
90_coleta_20260420_162048_erva_daninha_20260420_155851.jpg,erva_daninha,3019668,0.251639,0.75,0.2516,0.0016,154468,88.8912
180_coleta_20260420_162048_erva_daninha_20260420_155851.jpg,erva_daninha,3019668,0.251639,1.3333,0.2516,0.0016,154468,88.8912
270_coleta_20260420_162048_erva_daninha_20260420_155851.jpg,erva_daninha,3019668,0.251639,0.75,0.2516,0.0016,154468,88.8912
0_coleta_20260420_161705_erva_daninha_20260420_160848.jpg,erva_daninha,2964301,0.247025,1.3333,0.247,0.0008,212076,123.1772
90_coleta_20260420_161705_erva_daninha_20260420_160848.jpg,erva_daninha,2964301,0.247025,0.75,0.247,0.0008,212076,123.1772
180_coleta_20260420_161705_erva_daninha_20260420_160848.jpg,erva_daninha,2964301,0.247025,1.3333,0.247,0.0008,212076,123.1772
270_coleta_20260420_161705_erva_daninha_20260420_160848.jpg,erva_daninha,2964301,0.247025,0.75,0.247,0.0008,212076,123.1772
0_IMG_20260419_160149955_HDR.jpg,erva_daninha,141587,0.011799,0.5763,0.0273,0.0068,16217,43.0982
90_IMG_20260419_160149955_HDR.jpg,erva_daninha,141587,0.011799,1.7351,0.0273,0.0068,16217,43.0982
180_IMG_20260419_160149955_HDR.jpg,erva_daninha,141587,0.011799,0.5763,0.0273,0.0068,16217,43.0982
270_IMG_20260419_160149955_HDR.jpg,erva_daninha,141587,0.011799,1.7351,0.0273,0.0068,16217,43.0982
0_coleta_20260420_155617_erva_daninha_20260420_154520.jpg,erva_daninha,430322,0.03586,0.7477,0.1489,0.0207,16148,24.6163
90_coleta_20260420_155617_erva_daninha_20260420_154520.jpg,erva_daninha,430322,0.03586,1.3374,0.1489,0.0207,16148,24.6163
180_coleta_20260420_155617_erva_daninha_20260420_154520.jpg,erva_daninha,430322,0.03586,0.7477,0.1489,0.0207,16148,24.6163
270_coleta_20260420_155617_erva_daninha_20260420_154520.jpg,erva_daninha,430322,0.03586,1.3374,0.1489,0.0207,16148,24.6163
0_coleta_20260420_161713_erva_daninha_20260420_160834.jpg,erva_daninha,867056,0.072255,1.3333,0.0723,0.0013,91202,97.9447
90_coleta_20260420_161713_erva_daninha_20260420_160834.jpg,erva_daninha,867056,0.072255,0.75,0.0723,0.0013,91202,97.9447
180_coleta_20260420_161713_erva_daninha_20260420_160834.jpg,erva_daninha,867056,0.072255,1.3333,0.0723,0.0013,91202,97.9447
270_coleta_20260420_161713_erva_daninha_20260420_160834.jpg,erva_daninha,867056,0.072255,0.75,0.0723,0.0013,91202,97.9447
0_coleta_20260420_162101_erva_daninha_20260420_155823.jpg,erva_daninha,446337,0.037195,0.4997,0.0993,0.0031,42711,63.9305
90_coleta_20260420_162101_erva_daninha_20260420_155823.jpg,erva_daninha,446337,0.037195,2.0013,0.0993,0.0031,42711,63.9305
180_coleta_20260420_162101_erva_daninha_20260420_155823.jpg,erva_daninha,446337,0.037195,0.4997,0.0993,0.0031,42711,63.9305
270_coleta_20260420_162101_erva_daninha_20260420_155823.jpg,erva_daninha,446337,0.037195,2.0013,0.0993,0.0031,42711,63.9305
0_IMG_20260419_160157303_HDR.jpg,erva_daninha,186815,0.015568,1.1538,0.0853,0.0164,11976,27.708
90_IMG_20260419_160157303_HDR.jpg,erva_daninha,186815,0.015568,0.8667,0.0853,0.0164,11976,27.708
180_IMG_20260419_160157303_HDR.jpg,erva_daninha,186815,0.015568,1.1538,0.0853,0.0164,11976,27.708
270_IMG_20260419_160157303_HDR.jpg,erva_daninha,186815,0.015568,0.8667,0.0853,0.0164,11976,27.708
0_coleta_20260420_161449_erva_daninha_20260420_161301.jpg,erva_daninha,370915,0.03091,1.485,0.0362,0.0082,23854,39.1673
90_coleta_20260420_161449_erva_daninha_20260420_161301.jpg,erva_daninha,370915,0.03091,0.6734,0.0362,0.0082,23854,39.1673
180_coleta_20260420_161449_erva_daninha_20260420_161301.jpg,erva_daninha,370915,0.03091,1.485,0.0362,0.0082,23854,39.1673
270_coleta_20260420_161449_erva_daninha_20260420_161301.jpg,erva_daninha,370915,0.03091,0.6734,0.0362,0.0082,23854,39.1673
0_coleta_20260420_161503_erva_daninha_20260420_161153.jpg,erva_daninha,6995175,0.582931,1.3333,0.5829,0.0003,536695,202.9216
90_coleta_20260420_161503_erva_daninha_20260420_161153.jpg,erva_daninha,6995175,0.582931,0.75,0.5829,0.0003,536695,202.9216
180_coleta_20260420_161503_erva_daninha_20260420_161153.jpg,erva_daninha,6995175,0.582931,1.3333,0.5829,0.0003,536695,202.9216
270_coleta_20260420_161503_erva_daninha_20260420_161153.jpg,erva_daninha,6995175,0.582931,0.75,0.5829,0.0003,536695,202.9216
0_coleta_20260420_162054_erva_daninha_20260420_155840.jpg,erva_daninha,2315155,0.19293,1.3333,0.1929,0.0004,287648,189.0477
90_coleta_20260420_162054_erva_daninha_20260420_155840.jpg,erva_daninha,2315155,0.19293,0.75,0.1929,0.0004,287648,189.0477
180_coleta_20260420_162054_erva_daninha_20260420_155840.jpg,erva_daninha,2315155,0.19293,1.3333,0.1929,0.0004,287648,189.0477
270_coleta_20260420_162054_erva_daninha_20260420_155840.jpg,erva_daninha,2315155,0.19293,0.75,0.1929,0.0004,287648,189.0477
0_IMG_20260419_160123849_HDR.jpg,erva_daninha,132464,0.011039,0.8712,0.0343,0.0099,12976,35.6527
90_IMG_20260419_160123849_HDR.jpg,erva_daninha,132464,0.011039,1.1478,0.0343,0.0099,12976,35.6527
180_IMG_20260419_160123849_HDR.jpg,erva_daninha,132464,0.011039,0.8712,0.0343,0.0099,12976,35.6527
270_IMG_20260419_160123849_HDR.jpg,erva_daninha,132464,0.011039,1.1478,0.0343,0.0099,12976,35.6527
0_IMG_20260419_160220133_HDR.jpg,erva_daninha,74069,0.006172,2.9134,0.0413,0.0141,8132,29.8799
90_IMG_20260419_160220133_HDR.jpg,erva_daninha,74069,0.006172,0.3432,0.0413,0.0141,8132,29.8799
180_IMG_20260419_160220133_HDR.jpg,erva_daninha,74069,0.006172,2.9134,0.0413,0.0141,8132,29.8799
270_IMG_20260419_160220133_HDR.jpg,erva_daninha,74069,0.006172,0.3432,0.0413,0.0141,8132,29.8799
0_coleta_20260420_161658_erva_daninha_20260420_160859.jpg,erva_daninha,1539244,0.12827,1.3333,0.1283,0.0003,277871,223.9698
90_coleta_20260420_161658_erva_daninha_20260420_160859.jpg,erva_daninha,1539244,0.12827,0.75,0.1283,0.0003,277871,223.9698
180_coleta_20260420_161658_erva_daninha_20260420_160859.jpg,erva_daninha,1539244,0.12827,1.3333,0.1283,0.0003,277871,223.9698
270_coleta_20260420_161658_erva_daninha_20260420_160859.jpg,erva_daninha,1539244,0.12827,0.75,0.1283,0.0003,277871,223.9698
0_IMG_20260419_160229913_HDR.jpg,erva_daninha,237143,0.019762,1.0121,0.0317,0.0038,28163,57.8327
90_IMG_20260419_160229913_HDR.jpg,erva_daninha,237143,0.019762,0.988,0.0317,0.0038,28163,57.8327
180_IMG_20260419_160229913_HDR.jpg,erva_daninha,237143,0.019762,1.0121,0.0317,0.0038,28163,57.8327
270_IMG_20260419_160229913_HDR.jpg,erva_daninha,237143,0.019762,0.988,0.0317,0.0038,28163,57.8327
0_coleta_20260420_161618_erva_daninha_20260420_161026.jpg,erva_daninha,65923,0.005494,0.9537,0.0077,0.0091,9564,37.2496
90_coleta_20260420_161618_erva_daninha_20260420_161026.jpg,erva_daninha,65923,0.005494,1.0486,0.0077,0.0091,9564,37.2496
180_coleta_20260420_161618_erva_daninha_20260420_161026.jpg,erva_daninha,65923,0.005494,0.9537,0.0077,0.0091,9564,37.2496
270_coleta_20260420_161618_erva_daninha_20260420_161026.jpg,erva_daninha,65923,0.005494,1.0486,0.0077,0.0091,9564,37.2496
0_IMG_20260419_155935139_HDR.jpg,erva_daninha,74797,0.006233,0.9498,0.0173,0.0104,9486,34.6849
90_IMG_20260419_155935139_HDR.jpg,erva_daninha,74797,0.006233,1.0529,0.0173,0.0104,9486,34.6849
180_IMG_20260419_155935139_HDR.jpg,erva_daninha,74797,0.006233,0.9498,0.0173,0.0104,9486,34.6849
270_IMG_20260419_155935139_HDR.jpg,erva_daninha,74797,0.006233,1.0529,0.0173,0.0104,9486,34.6849
0_coleta_20260420_162057_erva_daninha_20260420_155827.jpg,erva_daninha,433614,0.036134,1.3333,0.0361,0.0035,39533,60.0355
90_coleta_20260420_162057_erva_daninha_20260420_155827.jpg,erva_daninha,433614,0.036134,0.75,0.0361,0.0035,39533,60.0355
180_coleta_20260420_162057_erva_daninha_20260420_155827.jpg,erva_daninha,433614,0.036134,1.3333,0.0361,0.0035,39533,60.0355
270_coleta_20260420_162057_erva_daninha_20260420_155827.jpg,erva_daninha,433614,0.036134,0.75,0.0361,0.0035,39533,60.0355
0_coleta_20260420_161456_erva_daninha_20260420_161240.jpg,erva_daninha,330376,0.027531,1.3333,0.0275,0.0029,37524,65.2837
90_coleta_20260420_161456_erva_daninha_20260420_161240.jpg,erva_daninha,330376,0.027531,0.75,0.0275,0.0029,37524,65.2837
180_coleta_20260420_161456_erva_daninha_20260420_161240.jpg,erva_daninha,330376,0.027531,1.3333,0.0275,0.0029,37524,65.2837
270_coleta_20260420_161456_erva_daninha_20260420_161240.jpg,erva_daninha,330376,0.027531,0.75,0.0275,0.0029,37524,65.2837
0_IMG_20260419_160104156_HDR.jpg,erva_daninha,121236,0.010103,1.0279,0.0168,0.004,19633,56.3859
90_IMG_20260419_160104156_HDR.jpg,erva_daninha,121236,0.010103,0.9729,0.0168,0.004,19633,56.3859
180_IMG_20260419_160104156_HDR.jpg,erva_daninha,121236,0.010103,1.0279,0.0168,0.004,19633,56.3859
270_IMG_20260419_160104156_HDR.jpg,erva_daninha,121236,0.010103,0.9729,0.0168,0.004,19633,56.3859
0_coleta_20260420_161610_erva_daninha_20260420_161036.jpg,erva_daninha,318329,0.026527,0.8887,0.0398,0.0071,23702,42.0094
90_coleta_20260420_161610_erva_daninha_20260420_161036.jpg,erva_daninha,318329,0.026527,1.1253,0.0398,0.0071,23702,42.0094
180_coleta_20260420_161610_erva_daninha_20260420_161036.jpg,erva_daninha,318329,0.026527,0.8887,0.0398,0.0071,23702,42.0094
270_coleta_20260420_161610_erva_daninha_20260420_161036.jpg,erva_daninha,318329,0.026527,1.1253,0.0398,0.0071,23702,42.0094
0_coleta_20260420_161635_erva_daninha_20260420_160942.jpg,erva_daninha,604327,0.050361,1.2985,0.0549,0.0032,48935,62.9482
90_coleta_20260420_161635_erva_daninha_20260420_160942.jpg,erva_daninha,604327,0.050361,0.7701,0.0549,0.0032,48935,62.9482
180_coleta_20260420_161635_erva_daninha_20260420_160942.jpg,erva_daninha,604327,0.050361,1.2985,0.0549,0.0032,48935,62.9482
270_coleta_20260420_161635_erva_daninha_20260420_160942.jpg,erva_daninha,604327,0.050361,0.7701,0.0549,0.0032,48935,62.9482
0_coleta_20260420_155608_erva_daninha_20260420_154547.jpg,erva_daninha,347323,0.028944,1.7099,0.0761,0.0048,30075,51.0316
90_coleta_20260420_155608_erva_daninha_20260420_154547.jpg,erva_daninha,347323,0.028944,0.5848,0.0761,0.0048,30075,51.0316
180_coleta_20260420_155608_erva_daninha_20260420_154547.jpg,erva_daninha,347323,0.028944,1.7099,0.0761,0.0048,30075,51.0316
270_coleta_20260420_155608_erva_daninha_20260420_154547.jpg,erva_daninha,347323,0.028944,0.5848,0.0761,0.0048,30075,51.0316
